,content,label,origin
3000,"寝室 收拾 的 好 干净 , 在 此 表示 星 哥振哥 辛苦 了 。",1,1
3001,今晚 心情 好 差 [ 悲伤 ] 谁 陪 我 说说话 [ 悲伤 ],2,5
3002,只 左脚 爱 折 爱 折   很 给 力 . . 今晚 包扎 下   希望 明天 好些   [ 失望 ],2,1
3003,我 也 有 感情用事 的 时候 啊 … …,2,2
3004,[ 泪 ] [ 泪 ] [ 泪 ] 下 了 一个 怀旧 的 游戏,2,2
3005,等 着 晚上 看 电影 、 吃饭 [ 下雨 ],1,5
3006,情人 节 下雨 又 下雪 [ 雪 ] [ 雪 ] 是 咋回事 呢 … … … … [ 哈哈 ] [ 哈哈 ],3,5
3007,大家 觉得 招 新 册 怎样 ? [ 思考 ],0,5
3008,"冬 飘 雪 , 人 摇曳 . 事事 皆 呜咽 .",2,3
3009,"小艾 也 是 才子 啊 , 天 团 才子 多 [ 鼓掌 ]",1,1
3010,冷 啊 。 冰 啊 。 冻 啊,2,2
3011,"天 凉 了 , 懒觉 什么 的 最好 睡 了",3,3
3012,cad 我 好像 已经 领悟 到 了 “ 精益求精 ” 的 道理 了 。,1,2
3013,"近期 真是 各种 黑 , 真是 , 各种 都 有 ! 不 带 这么 欺负 人 的 … …",3,3
3014,我 要 留 长 头发 。 。 我 要 学 化妆 。 。 [ 生病 ] [ 感冒 ] [ 奥特曼 ],2,2
3015,"三 杯 浑 白酒 , 几 句 话 衷肠 。 何时 归 故里 , 和 她 笑 一 场 。",2,5
3016,"尼玛 , 能 不能 不 考试 呀 ? 为 个 考试 我 都 心力交瘁 了",4,4
3017,"我 懂 , 哭 ~",2,2
3018,一 晚上 看 了 2 章 统计   还 被 at 了 11 次 [ 晕 ],3,3
3019,网络 语言 有时 候 真 不 明白 。 今天 早上 刚刚 明白 啥 是 深井 冰 。,3,4
3020,胃镜 做 好   恶心 死 我 了   留 了 一 缸 残 吐 水   快 倒是 很快   饿 shi 我 了,2,2
3021,"最近 比较 喜欢 听 井 博然 的 新歌 , 爱情 掉 在 哪里 。",1,1
3022,你 这样 要 我 怎么 敢 回去 !,4,4
3023,站 郑 多燕 旁边 内 大 嘴巴 娘 炮 男人 真是 他 娘 的 骚 啊 。,3,3
3024,非 诚 的 男 嘉宾 都 是 三 次 恋爱 . 我 弟 也 说 他 也 是 要 三 次 [ 衰 ] [ 偷 笑 ],5,5
3025,话 还是 要 少 说 一点 。,0,0
3026,天黑 请 闭眼 。,0,0
3027,"张 学友 的 如果 爱 成 了 我 的 催眠 曲 , 给 自己 说 晚安 …",1,1
3028,财政 供养 的 人员 只 减 不 增 是 什么 意思 ?,3,4
3029,我 想 出去 玩儿 … … 出去 玩儿 !,2,2
3030,全身 怎么 动 怎么 痛 [ 泪 ] 马拉松 后遗症 啊 啊 啊 啊 啊 啊 啊 啊 啊,2,2
3031,"痛苦 与 纠结 的 回忆 与 当下 , 头痛 得 像 要 裂开 ! fk !",4,2
3032,"成都 的 朋友 些 , 又 地震 了 ?",0,0
3033,我 讨厌 你,3,3
3034,我 决定 今年 暑假 给 自己 织 一 件 毛衣 ! 再 给 谁 织 条 围巾 !,5,4
3035,"我 说 我 想 去 学习 , 有 没有 人 信 啊 ? [ 可怜 ]   [ 可怜 ]",3,2
3036,i   am   so   sad .,2,1
3037,"就 爱 看 唱歌 节目 , 因为 唱歌 不好 , 但是 喜欢 唱歌 [ 笑 哈哈 ]",1,1
3038,"正 所谓 世事 难 料 , 一 天 一 间 或许 就 会 改变 你 的 一生 !",0,0
3040,贵在 人心,0,0
3041,我 真 特 么 的 犯贱 啊 !,3,4
3042,"本来 , 相遇 已经 是 一 件 很 了不起 的 事 了 .",2,2
3043,累 啊   快要 装 不 下去 了,2,3
3044,"今天 终于 剪 头发 了 , 有 大 变化 哦 … … @ 喙 星 的 眼泪",5,5
3045,要 把 自己 嫁 出去 了 !,5,4
3046,肥 来 了 啦 啦 啦 啦 啦 啦 啦 ~ ~ 想 死 虎 纠 了 [ 害羞 ],5,5
3047,"如果 有 一 天 , 如果 有 那么 一 天 。 。 。",2,0
3048,快递 怎么 还 没 到 啊 啊 啊 啊 _ ( _   」 ∠ ) _,3,2
3049,一直 挣扎 在 公司 最低 层 的 我 [ 浮云 ],2,2
3050,我 弟弟 要 来 了 . . . . . . . . 谁 要 见见 我 弟弟 . . . . .,0,1
3051,"悲剧 了 , 还要 交 书费 , 我 没 钱 啊 , 啊 ! 不 活 了 !",2,2
3052,男人 累 了 怎么 办 ?,0,2
3053,"mmd 七点 多 还 驳 , 真是 你 辛苦 我 也 跟着 辛苦 [ 抓狂 ]",4,2
3054,跟 老板 请假 了 说 下周 看 ti [ 微笑 ] 咯咯 咯,5,5
3055,"春城 无处 不 飞 灰 , 条条 大道 皆 不通",3,3
3056,[ 晕 ]   / / @ 家 猫 是 只 乖 猫 猫 :   … … … … … …,3,0
3057,[ 汗 ] 我 做 电话 营销 就 悲剧 了,3,2
3058,相当 劳累 … …,2,2
3059,"也许 , 我 正 被 羡慕 着 ~ 所以 ~ 加油 吧 ~ 北 鼻 ~",1,1
3060,no   calls   anymore..iphone   to   itouch ? ?   thousand   times   no ! ! [ 不要 ],2,2
3061,我 长 得 难道 真的 那么 像 思 密 达 嘛 [ 黑线 ] [ 鄙视 ] 不 开心 了 [ 泪 ],3,2
3062,"胶卷 没 装 好 , 一 下午 又 白 忙活 了 … [ 泪 ] [ 泪 ] [ 泪 ]",2,2
3063,"那些 喜欢 用 ~ 代替 句号 的 抠 脚 大汉 们 , 你们 是 有 多 傲娇 ~",3,1
3064,有 种 不明 的 闷 。 。 。,2,0
3065,[ 围观 ],0,0
3066,嘤 嘤嘤 好 喜欢 的 英伦 风 [ 太 开心 ],1,1
3067,今天 坚决 不 开 电脑 、 怎么 失眠 也 不 开 ! 翻滚 ing,3,4
3068,出门 扫 街 !,5,4
3069,final 终 考 完了 啦 啊 啊 啊 啊 准备 回国 嘿嘿 嘿嘿,5,5
3070,"求 吃饭 , 求 陪同 , 吃饭 的 吼 一 声 , 时限 至 12 点 半",0,3
3071,je   suis   douee,0,0
3072,突然 感觉 在 香港 的 几 天 那么 轻松 和 舒心,1,5
3073,又 是 一个 不 属于 自己 的 周末 ! ! ! 情 何以 堪 …,2,2
3074,不 开心,2,5
3075,[ 蝴蝶 结 ] 人生 若 只 如 初见 [ 蝴蝶 结 ],0,5
3076,今日 转 凉 了 . . @ rain_rw   你 一定 没着 衫 [ 怒 ] [ 怒 ],4,4
3077,[ 泪 ]   我 想 吃 牛排 ~   我 想 吃 pizza ~   我 想 出去 玩 ~ ~ ~ ! ! !,2,2
3078,脖子 转 不 了 了,2,3
3079,"人 一旦 掉 入 情绪 的 陷井 , 就 错误 接着 错误 。",0,3
3080,明年 这 玩意 还有 人 看 么   吐槽 的 乐趣 也 没 了,3,3
3081,银行 跟 你 说 六点 下班   如同 放屁   因为 一定 开会 到 七 点,3,3
3082,胃 痛 。 要 死 。 。 。,2,2
3083,倒霉   软件 加密 狗 丢 了   哎,2,2
3084,"鹅毛大雪 , 重于 切糕 。",3,0
3085,[ 兔子 ] 今天 准备 包 饺子 ~ 呵呵 [ 花心 ],5,5
3086,"一个 模版 值 2000rmb ,   可惜 我 没有 … …",2,2
3087,"许多 年 来 , 因为 太多 太多 太多 的 原因 不能 养 猫",2,3
3088,海市蜃楼 ! ! ! ! ! !,5,4
3089,今天 各种 爽 ! 各种 开心 ! 哈哈,5,5
3090,今晚 出面 真 系 好 大风 啊 。 。 。 [ 台风 ],2,5
3091,"谦谦君子 , 温润 如 玉 。 我 又 想到 一个 人 。 [ 偷 笑 ]",5,5
3092,"我 以后 看见 广告 的 绝对 删除 , 走 到 哪里 都 是 广告",3,3
3093,"大伙 早安 , 我 先 洗洗 睡 了 。 [ 打 哈欠 ] [ 打 哈欠 ] [ 打 哈欠 ]",0,2
3094,换 个 啥 手机 好 呢 ?,0,3
3095,还是 走 了   我 坚持 过 [ 强壮 ]   会 有 很 好 哒 ~ [ 推荐 ] 明天 [ 太阳 ],5,5
3096,"ioa 添加 不 了 附件 , 试 了 好多 办法 也 不行 , 愁",2,3
3097,上海 电影 节 果然 6 月 啊 … … 微妙 的 时节 … …,1,2
3098,周五 下午 过 的 也 太 慢 了 吧 ! ! ! 还有 59 分钟 ~ 开始 数 秒 ~,3,5
3099,想 吃 砂锅 烤肉 冰果 啤 。,2,0
3100,"万圣节 象征 物 , 您 知道 的 有 哪些 ?",0,1
3101,有 木 有人 记得 今天 是 什么 日子 ? 8 月 14 日 ?,0,0
3102,"悲剧 , 体检 居然 忘记 带 身份 证",2,2
3103,好 无聊 啊   求 勾搭   求 聊天   求 bf,2,3
3104,时 不时 就 来 个 惊喜 [ 哼 ],1,4
3105,祝 我 生日 快乐 ! [ 蛋糕 ],1,1
3106,我 不 难过 。 我 tm 难受 !,4,2
3107,懂 了 ~ 后知后觉 的 我 ! 感谢 你 ! 被 爱 的 人 不 需要 道歉 。,2,1
3108,专八 。 我们 做爱 好 吗 ?,0,2
3109,我 休息 十 天 。 没 地方 去 … … 快 本   长沙 [ doge ] [ doge ] 进 不 去 吧,3,2
3110,卡 几 嘛 [ 拜拜 ],3,3
3111,心情 不 爽 。 。 。,3,2
3112,去 学校 了,0,4
3113,[ 汗 ] 我 要 喉 糖,2,2
3114,看 跨 年 演唱 会 真 开心 啊 !,5,5
3115,"弟 大 物 勃 , 阴 小 湿 大 — — 豆瓣 。 。 。",3,1
3116,还有 一个 月 多 一点 就 出 国际 考 成绩 了,2,3
3117,好 声音 广告 真 多 [ 哼 ] [ 抓狂 ] [ 哼 ] [ 抓狂 ],3,3
3118,再 淘宝 就 剁 手指 [ 生病 ] [ 生病 ],3,3
3119,不行 啊 这样 的 身子 骨 拿 来 干嘛 。 。 。 。 烦 死 了,4,3
3120,"水 呀 吗 水煮鱼 , , , 味道 怎么 就 这么 好 !",1,3
3121,"数据 库 被 我 玩 出 好多 异常 , 我 觉得 我 完了 . . . [ 泪 ]",2,2
3122,"好 烦 , 失眠 了 , 明天 要 回家 处理 各种 问题",4,3
3123,"下雨 了 , 不能 去 长隆 … 哎 … 不 急 , 不 慌 …",2,2
3124,"好 充实 的 周末 哦 … 嘻 嘻嘻 , 好似 去 探险 一样 !",5,5
3125,"… 男 的 谁 打 耳洞 , 我 就 和 谁 断绝 关系 [ 怒 ]",3,4
3126,"爱情 , 真的 是 两 个 人 的 事 , 是 吧",2,0
3127,找 个 固定 的 人 跑步 呀,5,4
3128,"既然 人家 告诉 你 属 狗 , 那 就 别 在 追问 是 京 巴 还是 沙皮 了 。",3,3
3129,"这 休假 , 比 上班 还 累 啊 ~ ~",2,2
3130,温度 骤然 从 32 变成 23 。 。,2,0
3131,啊 啊 啊 啊 啊   土耳其 就是 一 烤炉   晒 了 黑 得 认 不 出 了,3,3
3132,[ 白眼 ]   好 眼 训 吖 `,3,5
3133,突然 流 鼻血 的 我 . . . 手忙脚乱 . 我 可 没有 看 什么 刺激 的 啊 !,3,2
3134,"淡然 面对 辞职 , 谂 下 有 咩 路数 先 . . .",2,1
3135,谁 要 厦门 大学 的 名 信 卡片 ? 报名 啦 ! 每人 限 一 张 啦 ! ! !,5,5
3136,我 是 传奇 还 蛮 好看 的 ~ ~,1,1
3137,最 难忘 的 节日 !,1,1
3138,"其实 我 很 烦恼 , 只是 你 看不到 … …",2,2
3139,“ 拍照 一时 爽   后期 火葬 场 ” [ 阴险 ],3,5
3140,"第 二 定单 已 下 , 阿联 5.25",0,0
3141,4.3-4.11   u.s .,0,0
3142,傻 妞儿 . . 有 你 后悔 的 那天,3,3
3143,谁 看 一下 我 的 关注 数 是 多少 [ 拜拜 ] 手机 怎么 看着 这么 多,3,4
3144,"在 外面 散步 减肥 中 … 求 艳遇 , 哈哈 …",5,5
3145,"找 个 去 洗澡 喝茶 的 都 找 不到 , 只能 一个 人 去 了 , , 伤 不 起",2,3
3146,比 鬼神 更 可怕 的 是   人心,0,3
3147,"今天 接到 几 个 温馨 的 电话 , 虽然 冻 , 但是 好 感动 。",1,5
3148,[ 汗 ] [ 汗 ],3,0
3149,男人 是 条 狗   谁 有 本事 谁 牵 走,3,4
3150,[ 怒 ] 纠结 死 啦 ! ! !,4,4
3151,尼玛 ! 我 快 饿死 了 … 搞 个 头发 到 现在 还 没 好 ! [ 泪 ],2,2
3152,从 深圳 出发 ~ 广州 上班 去 [ 偷 笑 ],5,5
3153,真 不 知道 我 tm 是 图 什么 ?,4,4
3154,蔡蔡   我 来 啦 ~ 隔 得 好 近 噢   啦 啦 啦   [ 爱 你 ]   [ 爱 你 ]   [ 爱 你 ],5,5
3155,"[ 叶子 ]   , 不 知道 如何 努力 , 又 是 迷茫 ~",2,1
3156,他 娘 的 鞋 帮子   关 我 屁事,4,4
3157,"有 个 人 狂 的 很 土 , 但 能 兑现 口号 , 那 就是 本事 。",1,3
3158,卧 槽 好 可惜 山 p 的 麦 没 开 ! ! 不然 就 完美 了 ! ! ! ! !,3,4
3159,我 看 我 就是 手 贱 啊 ! 哎 ~,2,2
3160,早安 。 上班 去 咯 。 今天 天气 视乎 好 得 有点 过头 。 [ 太阳 ],5,5
3161,"哎 , 明天 女人 们 都 有 约 了 , 求 收留",2,1
3162,剁 手 !,3,0
3163,"才 发现 , 大学 之前 的 教育 其实 使 我 愚蠢 了 …",2,2
3164,下班 [ 偷 笑 ] 啦 ! 如果 天天 都 可以 这么 早 就 好 了 !,5,5
3165,悲剧 啊 ~ ~ 居然 睡 不 着 ! !,2,2
3166,今晚 的 聚餐 吃 得 几 饱 的 . . 意味 着 又 肥 了 . . 唉,2,2
3167,"蛇年 , 将 好运 进行 到底 。 [ 蛇 ] [ 祈祷 ] [ 祈祷 ] [ 祈祷 ] [ 酒杯 ] [ 傻笑 ]",1,0
3168,这 事儿 弄 的 真 恶心 … …,3,3
3169,感谢 你 的 理解   我 知道 只有 理解 没有 支持   但是 已经 足够 了,1,1
3170,还有 多长 时间 过年 ? [ 太 开心 ],5,5
3171,"亏 你 长 了 一 张 藏獒 的 脸 , 却 有 一 颗 京 巴 的 心 !",3,2
3172,"一 堆 一 堆 的 活 , 我 好 困 啊 。 555",2,2
3173,上海 今天 的 天气 很 适合 外星 人 入侵 啊 ~ 赶紧 来 吧,3,5
3174,好 难受 。 。 。 。,2,2
3175,"@ 锌 擎 @ 许 嘎嘎 嘎   啊 宝 污染 景区 , 我 必须 揭发 他   [ 奥特曼 ]",3,5
3176,我 要 阳光 、 、 [ 阳光 ],2,1
3177,顺德 包车 上 很多 以前 都 是 实 中 的 星海 童鞋,0,0
3178,三 年 。,0,0
3179,"天 灵灵 , 地 灵灵 , 保佑 晚上 中 大奖 。 [ 哈哈 ] [ 哈哈 ]",5,5
3180,犯贱 么 我,3,4
3181,"肥 妹 仔 进入 温网 16 强 , 加油 ! [ 给 力 ]",1,1
3182,"今晚 我们 都 是 60e , 梦 回 s2 [ doge ] [ doge ]",1,5
3183,"一 觉 醒来 , 秋天 好像 来 了 [ 爱 你 ]",1,1
3184,情人 节 怎么 过 ? 略过 ~ ~ ~ ~ ~ ~ ~ ~ ~ ~ ~ ~,2,5
3185,肉蒲团 … 太 狗 血 了 …,3,3
3186,lee 啊 lee ! 我 啦 肚子 啦 ! 痛 死 啦 ! 我 不该 跟 你 去 牛杂 !,2,5
3188,继续 高温 . . .   短 t 出门 !   [ 阳光 ],1,1
3189,"看来 , 这 首 歌 完全 出来 了 , 我 的 手 也 几乎 血泡 也 破 了 !",2,1
3190,最近 真的 过 惨 [ 熊猫 ],2,5
3191,"重案 队 走 出去 的 人 , 一定 要 有 尖刀 部队 的 神气 !",1,1
3192,俄罗斯 方便 面 [ 嘻嘻 ],1,5
3193,想 要 自己 的 力量 房,0,0
3194,吃 完 晚饭 才 6 点 半 [ 浮云 ],0,0
3195,完了 。 出门 忘 吃药 了 。 [ 抓狂 ] [ 抓狂 ] [ 抓狂 ],3,2
3196,"我 在 明孝陵 , 一边 暴 走 , 一边 看 神兽 , 一边 喂 蚊子 … …",2,2
3197,"那些 生产 地沟 油 的 黑心 商家 , 真 该 全部 拖 出去 毙 了 !",4,3
3198,"对 这个 事 , 我 表示 讨厌 , 非常 讨厌 ! [ 抓狂 ] [ lxhx 掀 桌 ]",4,3
3199,今天 过 生日   哎   又 老 了   不 怎么样   先 祝 自己 生日 快乐,1,5
3200,"运动 会 上 男生 各种 腿 细腰 细 , 太 羞愧 了 呐",2,1
3201,"今天 , 我 受伤 了 ~ ~ [ 泪 ] [ 泪 ] [ 泪 ] [ 悲伤 ] [ 悲伤 ] [ 悲伤 ]",2,2
3202,大事 办完 一 件 。 。 接下来 年 后 有的 忙 了 。 。 。 otz,2,0
3203,"看 了 国足 三 分钟 了 , 哎 , 我 还是 步步 惊心 吧 !",3,2
3204,"斜视 , 弱视 or 脑残 ? [ 怒骂 ]",4,3
3205,"看 新闻 快报 , 美国 对 加纳 , 相当 好看 啊 !",1,3
3206,终于 下班 回家 了 [ 哼 ] [ 哼 ] [ 哼 ] [ 酷 ] [ 酷 ] [ 酷 ],5,5
3207,"咱 这次 来 聊聊 南方 男人 和 北方 男人 , 请 女方 说明 !",0,0
3208,"我们 到 啦 ~ 共青 森林 公园 [ 微风 ] 天气 好 热 啊 , 烧烤 烧烤",1,5
3209,是 睡觉 好 呢 还是 不 睡觉 好 呢 · · ·,2,3
3210,踢 咗 台 风扇 落 床 …,2,2
3211,"麻将 开始 , 劲",5,5
3212,为什么 有的 人 这么 坚信 自己 发 照片 一定 会 涨 粉 。 。,3,0
3213,欧 欧 ~ 欧 ~ 捉奸 去 ~ 耶耶 ~ 孩子 他 爹 ~ 等 我 撒 ~,5,2
3214,开开心心 上学 去 ~ !,5,1
3215,"岁月 果然 是 最大 的 小偷 , 翻看 些 旧物 后 深信不疑",2,3
3216,"天气 好 热 , 人 都 好似 变成 一 堆 烂泥",3,3
3217,脸 被 小米 挠 了 两 道子 。 。 。 臭 米 子 。 。 。 [ 哼 ],3,3
3218,谁 的 莫名其妙 不是 你 不 知道 的 由来已久 。 算 球 算 球 。 [ 呵呵 ],3,3
3219,他们 今天 来 天津 [ 泪 ],2,2
3220,"要么 饿死 , 要么 撑死 ! t ~ t , 胃 好 难受 ~ ~",2,2
3221,广州 好 危险 ! 要 不要 回 校 呢 ! [ 衰 ],2,2
3222,"忽然 想到 , 我 身边 有 个 男人 , 不 抽烟 不 喝酒 喜欢 吃 零食 。",3,1
3223,给 我 中 个 头奖 吧 [ 耶 ] [ 酷 ],5,5
3224,"生活 的 调味 品 , 不折不扣 的 催眠 师 啊 啊 啊 [ 爱 你 ]",1,1
3225,谁 能 告诉 我 瘦 到 90 斤 会 是 神马 样子 滴 ? ? ?,0,2
3226,哪个 景色 能 震撼 你 ? · · · · · ·,0,1
3227,求 推荐 好看 的 日剧 或者 英 剧 qaq,0,1
3228,又 一个 厌食 周期 来临 [ 馋嘴 ],2,5
3229,[ 囧 ] [ bed 凌乱 ] 看 了 乐 翻天   宁静 还是 那么 好看 [ bed 凌乱 ] 女神,1,1
3230,"胃 , 你 怎么 了 , 怎么 又 难受 了   [ 生病 ]   [ 生病 ]   [ 生病 ]   [ 泪 ]   [ 泪 ]   [ 泪 ]",2,2
3231,"为什么 要 结婚 呢 , 真 讨厌 啊 。",3,3
3232,"原来 , 专情 也 是 一个 缺点 , 而且 没 办法 改过 。 [ 衰 ] [ 衰 ] [ 衰 ]",2,2
3233,千言万语 汇成 一个 字 [ 怒 ],4,4
3234,有人 转 宝宝 小 床 嘛 ? ? 要 实木 的 ~ ~ ~ ~ ~ ~ [ 思考 ],0,5
3235,哎呀 ! 一不小心 今天 晚上 就 嗨 了 一 盘 ! [ 害羞 ],5,5
3236,"i   need   perfect , not   just   completion.don ' t   disturb   me.ok ? [ 嘘 ]",2,2
3237,胃 抽筋 会 怎样,0,0
3238,"温柔 乖巧 背后 有 腹黑 既 属性 , 你 觉得 恐怖 吗 ?   晚安 。 。 。",0,1
3239,"今天 翘 掉 了 晚 修 , 跟 晓琳 去 了 书城 , 感觉 不错 . 还 买 到 了 陪 2 橙",5,5
3240,笨蛋 …,2,0
3241,谢谢 亲爱 的   么 么,5,5
3242,期末 总结 会 好像 颁奖 典礼 : 感谢 … 感谢 … … 感谢 … … …,3,5
3243,"为啥 选 这 周 公布 考核 呢 , 生日 都 过 不 安省 [ 失望 ] [ 失望 ]",2,2
3244,生命 就是 不断 地 告别 !,2,0
3245,淡定 … [ 偷 笑 ],5,5
3246,"解放 啦 , 不过 又 要 陷入 另外 的 劳苦 中 ! ! ! !",2,1
3247,面包 新语 : ) 味道 好 极了 o ( ∩ _ ∩ ) o,1,1
3248,"我 很 烦 很 烦 很 烦 , 别 烦 我 · · · · 惹 你 生气 了 与 我 无关 · · · ·",4,3
3249,"再 咁 做 多 两 日 , 应该 怒 瘦 十 斤 了",1,0
3251,昨天 开 喝 的 后果 就是 今天 茫茫 的,2,0
3252,"姑 凉 , 我们 应该 嫁给 爱情 还是 应该 嫁给 婚姻 ?",0,3
3253,从 今天 开始   我 要 减肥 了,0,5
3254,"我 想 , 你们 尽管 孤立 我 吧 。",2,2
3255,饿 晕 了,2,3
3256,今天 我 一定 要 开单 ~ ~ ~,5,5
3257,长 慕越 到 后来 占有 欲 变得 好 可怕 啊 ~ ~ ~ 咦 咦 咦 咦,3,2
3258,[ 鼓掌 ]   路考 过 啦   挖 哈哈,5,5
3259,累 得 吃饭 的 力气 也 没有 啦 [ 衰 ],2,2
3260,"本应 互相 尊重 , 为何 偏偏 不 懂 , 是 每 读 过 书 吗 ?",3,3
3261,"外联 部 , 宣传 部 , 技术 部 只 可以 选 两 个 面试 , 挣扎 中 … [ 水滴 ]",2,3
3262,武汉,0,0
3263,为 毛 都 说 杂碎 不 喜欢 笔 。 。 都 从 哪 听说 的 ?,3,3
3264,谁 能 跟 我 说说 魅族 机 怎么 样 、,0,3
3265,26 年 来 第 一 次 想 过 情人 节,0,0
3266,"1200 万 美金 请 一个 巴西 教练 一 年 , 疯 了 。",3,0
3267,《 浪漫 的 老鼠 》,0,0
3268,"话 说 , 快 毕业 了 ! ! 还有 很多 2b 的 事情 未 做 . ! [ 阴险 ]",0,5
3269,交响 乐 版 的 heavens   divide 听 得 我 一身 鸡皮疙瘩 [ 生病 ],1,1
3270,"再见 , 篮球",2,2
3271,"贵阳 两 次 , 他 应该 记得 了 吧",2,3
3272,回家 倒 计时 了   我 兴奋 的 不得了 了 [ 嘻嘻 ] [ 嘻嘻 ],5,5
3273,烦 烦 烦 、,4,3
3274,说 比 想 难   做 比 说 难   [ 悲伤 ],2,0
3275,"稳 日 要 同 只 死 八婆 , 讲 清楚 先 的 . . .",3,3
3276,"深深 崇拜 , 深深 迷恋 , 深深 的 沉醉",1,1
3277,无所事事   -   -,3,0
3278,好多 女孩 纸 捧 着 花 哖 …,0,2
3279,凌晨 四点 多 醒来 刷 微薄 的 ddp   伤 不 起 啊 [ 晕 ] [ 晕 ] [ 晕 ] [ 晕 ],2,3
3280,"求助 : 如何 令 对方 停止 打 鼻 鼾 ? 在线 等 , 急 !",3,0
3281,"怎么 办 。 我 现在 是 一 只 盛放 的 气球 。 万事俱备 , 只 差 根 针 。",2,2
3282,脖子 痛,2,2
3283,我 想 我 要 饿死 了 。 。 。 我 不 减肥 了 。 。 。,2,2
3284,一 张 餐巾 纸 都 撕 成 两 半 用 的 女人 绝对 会 过 日子,0,0
3285,我 的 天空   今天 有点 灰 。,2,2
3286,压抑 到 极点 了 · · · · · · ·,2,2
3287,"奥巴马 赢 了 , 几 家 欢喜 几 家 忧 啊",0,3
3288,"想 挖 个 坑 , 把 自己 给 埋 了 ! 疯子 !",3,4
3289,累 到 灵魂 深处 啊 ! 一 站 就 十 个 小时 ! 人民 币 难 挣 啊 !,2,4
3290,"终于 吃 了 那个 什么 菠萝 饭 了 , 也 不是 那么 好吃 嘛 …",3,5
3291,"我 需要 一点 儿 正 能量 , 喵 ~",1,1
3292,"7 点 20 闹钟 响 , 总得 赖 到 7 点 30 才 起床 , 明早 依旧 如此 吧 !",3,3
3293,"9 月 , 否极泰来 , 期待 收获",1,1
3294,谈心 的 夜 很 漫长,0,5
3295,"从 今天 起 , 包包 里 放 钱 不 超过 200 块 ! [ 泪 ] [ 泪 ] [ 泪 ]",2,2
3296,keep   walking,0,0
3297,"困 似 懵懂 到 火车 站 , kfc 超 难 吃",3,3
3298,"生活 没有 抱怨 , 奋斗 才 有 尊严 ! [ 花 ] [ 心 ] 不错 的 一句话",1,1
3299,d18,0,0
3300,"咳嗽 咳 的 来 , 保佑 我 不要 感冒 啊 , 不大 生病 的 人 伤 不 起 啊 t_t",2,2
3301,"中环 上 被 异物 砸 损 前 挡风 玻璃 , 走 高架 的 朋友 们 都 要 小心 啊",3,3
3302,"一百 次 相 耐 只要 有 一 次 的 绚烂 , 下 一 次 会 更 勇敢 ~ [ 呵呵 ]",5,5
3303,"今天 我 很 兴奋 , 很 幸福 ! 不管 有 多 累 ! [ 鼓掌 ]",5,5
3304,"唉 ~ 日日 都 咖啡 提神 , 迟早 饮 到 破产 !",2,2
3305,热 到 睡 不 着 了 妈 蛋 !,4,4
3306,"到 上海 了 , 回 学校 了 , 去 医院 了 , 病 快 好 了 , liverpool 归来 了",0,2
3307,听说 去 东极岛 的 船票 票价 翻 了 四 倍 。 。 。,0,0
3308,很少 人 用 个 信 。 。 。 。,0,3
3309,"我 离开 了 , 你 保重 。",2,2
3310,"[ 吃惊 ] , [ 汗 ] 小 西门 对面 小 司 发艺 不错",1,1
3311,有 个 大厨 老爸 真 好 [ 心 ] 幸福 科 。,5,5
3312,"感冒 了 , 劲 想 去 唱 k ! 边 个 可以 收留 我 ? [ 可怜 ]",2,2
3313,心口 痛 。 。 。 嬲 到 我 火爆 ~ ~ ~ !,2,2
3314,"又 要 回 西昌 了 , 回到 山里 继续 沉淀 自己 . . . . . . . .",2,5
3315,happy   new   year   [ 哈哈 ] [ 哈哈 ] [ 哈哈 ] [ 哈哈 ] [ 心 ] [ 心 ] [ 心 ] [ 心 ] [ 心 ],5,5
3316,明天 天公 要 作美 啊 ! ! [ 奥特曼 ],5,5
3317,[ 衰 ],2,2
3318,我 会 用 我 的 生命 去 爱 你 、 保护 你 ! ! !,1,1
3319,"昨天 晚上 梦 到 我 把 眼 睫毛 全 剪 秃 了 , 好 丑 阿   [ 打脸 ] [ 打脸 ]",3,5
3320,"有时 候 抱怨 不是 真的 抱怨 , 只是 一 种 习惯 。 我 错 了",3,2
3321,要 戒 口 了 ! ! ! [ 生病 ] [ 泪 ],2,2
3322,"厕所 第 四 次 了 , 我 今天 不 吃饭 了 还 不 成 么 [ 泪 ]",2,2
3323,死 now 妹 狮子 开 大 口,4,4
3324,"一 瓶 啤酒 已经 是 极限 , 现在 头 好 疼 … … [ 泪 ]",2,2
3325,"今晚 长 知识 了 , 要 学会 “ 藏 ” . . .",0,0
3326,"什么 时候 , 三五成群 , 到处 走走 . .",0,3
3327,我 的 烤箱 到 了 ! 蛋糕 要 成功 阿 !,5,5
3328,可 不 可以 不要 总是 在 这里 这样 吵吵闹闹 …,3,2
3329,病情 加重,2,0
3330,"老爸 从 家里 翻 出 n 种 伤 膏药 , 仔细 一 看 , 全 是 过期 的 。 。 。",3,3
3331,想 睡 而 不能 睡 真的 好 难受 [ 困 ],2,2
3332,"昏昏 沉沉 的 感觉 , 整天 就 想 睡觉 , 睡 太多 了 !",2,2
3333,想念 会 变成 现实 的   /   我 的 小乔   [ 心 ],1,2
3334,晚安 重庆 。 明天 要 一路顺风 睡 回 杭州 ! !,5,5
3335,"不 妥协 , 直到 变 老 。",0,3
3336,"雨 纷纷 旧 故里 草木 深 , 我 听闻 你 仍 守 着 孤城 。",2,2
3337,"其实 我 挺 喜欢 阴天 , 让 人 觉得 很 平静 . . .",1,1
3338,"各位 久等 拉 , 下午 有事 不能 点评 !",2,2
3339,"感谢 爸 妈 , 感谢 大家 [ 爱 你 ] [ 蛋糕 ]",5,1
3340,"亲 们 , 俺 手机 被盗 , 请 不要 轻易 相信 来自 本人 1376xx 的 任何 信息 . . .",0,0
3341,晚上 看看 张 嘉佳 的 睡 前 故事   安静 了 许多   太 累 了   晚安,5,5
3342,"喜欢 听 你 听 的 歌 , 但是 不能 证明 你 是 个 好人 。",0,3
3343,哇哇 哇 ~ ~ ~ 超 五 爽 哩 个位 阿 ~ ~ ~   我 要 抗议 ! ! !,5,5
3344,"我 也 想 收 礼物 ~ ! 我 要 收 礼物 , 我 想 找 个 人 陪 ~ ! [ 泪 ] [ 泪 ] [ 泪 ]",2,2
3345,慢慢 改进 [ 嘻嘻 ],5,5
3346,"搭 唔 切 校车 , 索性 放 多半 日 假",0,0
3347,"取消 掉 v 先 , 为啥 自带 公司 名 了 呀 !",3,3
3348,现世报 了 。 。 。 。 。 我 居然 会 又 掉 手机 了   不 开心 [ 失望 ],2,2
3349,"但 当 你 智慧 都 蕴 酿成 红酒   ,   仍 可 一 醉 自救",0,0
3350,我 烦 死 学校 的 老师 了,4,4
3351,"[ 崩溃 ] 鬼 天气 , 前 几 天 买 的 西瓜 到 现在 还 没 吃 呢",2,2
3352,给 家 里面 的 被窝 32 个 赞,5,1
3353,"特别 是 周末 啊 节假 日 啊 , 中午 去 是 正确 的 选择 [ 馋嘴 ]",1,1
3354,"求 上天 怜悯 , 求 社会 解救 。",2,3
3355,"感觉 在 海南 开车 太 危险 了 , 不管 是 高速 还是 过道 … …",3,1
3356,真 想 有 一个 不会 对 我 很 客气 地 说 谢谢 的 朋友,2,1
3357,为 嘛 每天 都 有 一 种 吃 不 饱 的 感觉 ? [ 可怜 ],2,2
3358,我 从良 了   不 玩 lol 了   [ 嘻嘻 ] [ 嘻嘻 ],5,5
3359,"政治 作业 怎么 这么 多 啊 , 我 写 了 两 个 下午 还 没 写 完 [ 哼 ] [ 哼 ]",3,4
3360,额 … 再 等 两三 个 小时 就 和 小宝 见面 了 ! [ 太 开心 ] 爱 你 …,5,5
3361,"[ 可怜 ] 宝贝 又 咳嗽 又 留 鼻涕 , 还 不肯 吃药 , 急 死 了 ! [ 怒 ]",4,4
3362,我 有 多 难过 。,2,2
3363,我 宣布 我 现在 有 收拾 东西 恐惧 症 。,2,2
3364,有人 申请 年初 二 同 距 开 年 了 !,0,0
3365,"晚餐 — 饺子 ( 韭菜 鸡蛋 成 了 白菜 虾皮 了 , 而且 只见 圆 白菜 )",0,0
3366,@ leaf-lin   上海 冷 不 冷 啊 ?,0,3
3367,so   what ?   can   you   do   it ?,0,0
3368,"我 就是 一 伪 球迷 , 一边 看 球赛 , 一边 发 微薄 !",0,2
3369,游戏 一 场 ' 不是 自己 的 不该 奢望 ',0,3
3370,考 车改 在 明天,0,0
3371,"努力 戒 三 贪 : 贪吃 , 贪睡 , 贪 懒 !",0,1
3372,佳 翰 每天 都 要 问 我 无数 的 手机 问题 。 @ 南山 小 人人,3,0
3373,"我 有 预感 , 今晚 要 失眠 . . . [ 悲伤 ]",2,1
3374,今晚 欧洲杯 开赛   @ 晓月 啊   还 看 球 不 ? ?,0,5
3375,我 当初 怎么 会 选择 做 数据 这 条 不 归路 的 呢 [ 伤心 ],2,2
3376,我 想 回到 十六 岁 。 [ 感冒 ],0,1
3377,诚 征 姐夫 !,0,4
3378,这 是 学生 教学 楼 哇 ! 真 幸福 哈 !,5,5
3379,"日子 只能 往 前 走 , 一个 方向 顺 时针",0,2
3380,凌乱 !,0,0
3381,我 觉得 我 生病 了 … 头 死 疼 死 疼 了 ~,2,4
3382,"不 好 意思 , 现在 不 方便 接 你 的 电话 。 你 懂 的 。 @ 林萌 _ soulmate",3,3
3383,"呼市 , 诸事 不顺 , 算是 白 跑 一 趟 … … 下午 往回 赶 吧",2,2
3384,没有 安全 感,0,0
3385,"预报 明天 下雨 , 后天 下雪 。",0,0
3386,难得 一 次 在 这个 点 有点 困意 了 。 [ 音乐 ] [ 音乐 ],0,2
3387,并不 是 每个 男生 都 有 勇气 去 女生 食堂 吃饭 的 ! [ 泪 ],2,2
3388,每次 等 南梅 都 很 想 哭 。 。 。,2,2
3389,hahahahahahah ~ ! ! ! ! ! ! ! ! ! ! ! ! ! ! ! ! ! ! ! ! ! ! ! ! ! ! !,5,4
3390,"说起 那 件 事 , 不由自主 的 流 眼泪 了 , 只因 太 过 眼浅 [ 泪 ] [ 泪 ]",2,2
3391,笑 死 我 了,5,5
3392,期待 大年 初一 的 全班 大 聚会 啊   吼 吼,5,5
3393,寂寞 空虚 冷   无聊 龌龊 囧,2,3
3394,"有时 候 , 太 深沉 的 东西 真的 不 需要 知道 太多 !",2,2
3395,"生日 快乐 , 减肥 成功 ! [ 嘻嘻 ] [ 嘻嘻 ]",5,5
3396,nike   just   do   it   就 这么 整 。,3,3
3397,[ 威武 ] [ 馋嘴 ],5,5
3398,你 丫 废话 有 完 没完 ! ?,4,3
3399,到 了 烦躁 的 极点   再 相信 老板 画 的 大饼 我 就 改 姓,4,3
3400,这些 不 要脸 的 贵宾 号,3,3
3401,[ 月亮 ],0,5
3402,妈 的   当初 被 忽悠 开 证券 户头   现在 还要 专门 跑 去 销   烦 死 了,4,4
3403,"该 是 时候 了 ? 呵呵 , 我 输 了 。 认 了 , 认 了 就是 认 了 。",2,5
3404,茶水 间 闻到 了 荔枝 的 味道 … 好 想 次 … …,1,2
3405,世界 上 最 可怕 的 事情 是 丢 东西,2,3
3406,"年 三十 , 有 无 乜 活动 呀 ? ? 记得 凑 埋 我 呀 ! ! 哈 哈哈 [ 干杯 ]",5,5
3407,没 中奖 [ 拜拜 ] [ 拜拜 ] [ 拜拜 ],2,5
3408,"猪 一样 的 队友 , 相当 的 无 语 啊",3,3
3409,"今天 外婆 炒 年糕 , 超级 好吃 !   比 妈妈 做 得 好吃 !",5,1
3410,sunshine [ 太阳 ] 。 。 rock   &   roll [ 音乐 ] 。 。 and   me [ haha ] 。 。,5,1
3411,what ' s   meant   to   be . . .   will   always   find   its   way .,0,1
3412,骗子 骗子 。 离开 我 的 世界 。 让 我 孑然一身 。,3,2
3413,过敏 ~ ~ 浑身 都 红 了 ~ ~ 还 痒痒 ~ ~ 吃 了 开 瑞坦 也 不知 管 不 管用,2,5
3414,"今天 什么 日子 , 熟人 遇到 一个 又 一个   [ 哈哈 ] [ 哈哈 ]",5,5
3415,卧 槽 服务 器 满 了,2,3
3416,"[ 哈哈 ] 牛哥 话 : 我 的 手机 很 落后 的 , 用 了 一 年 了 , 你 小心 点 哈",0,5
3417,"折腾 的 终于 睡 了 会儿 , 又 给 折腾 醒 了 t.t",3,3
3418,"醒来 才 发现 , 原来 只是 一个 梦 而已 。",2,2
3419,抗争 成功 ! 哥 就 知道 哥 会 胜利 的 ! ! !,5,1
3420,"这个 天气 不 踢 哈 子 球 , 不是 瞎 浪费 表情 吖 ~",3,1
3421,心情 好 差 ! [ 泪 ],2,2
3422,我 不 想 戴 眼镜 啊 ! [ lt 泪 目 ],2,2
3423,"今天 好 累 , 好 累 , 心 累 , 第 一 次 发 这 大 的 火 。",4,2
3424,i ' m   back ! ! ! ! ! ! ! ! ! ! ! ! ! ! ! ! ! !,5,4
3425,烦躁   又 下雨 了   不 去 上班 了   请假 呆 家里 休息 [ 怒 ],3,4
3426,- . - ! ! ! ! 我 可 真 不 识相 ~ ~ 居然 看到 不该 看 的 ~ ~ ~ ~ [ 囧 ] [ 囧 ] [ 囧 ],2,2
3427,终于 上车 了   但 系 部 车系 甘 放 凤凰 传奇 噶 歌   wtf ! 这 不 科学 !,3,5
3428,"我 还是 那 句 , 我 才 下班 … [ 泪 ]",2,2
3429,abc   bbc   cbc,0,0
3430,"怪 不得 我 这 两 天 拉 肚子 , 找到 原因 了 。 。 。 。 。",0,2
3431,12 月 你好   模拟 考 你好   冷 一点 的 天 你好 [ 太阳 ],5,5
3432,"oh   yeah ~ 拥抱 国庆 , 中秋 快乐 ! ! ! ! ! [ 鼓掌 ] [ 耶 ]",5,5
3433,"明天 最后 一 天 上班 , 先 小小 激动 一下 [ 嘻嘻 ]",5,5
3434,91   94   97   94   97   98,0,0
3435,2013   yes ! everybody   merry   spring   festival ~,5,5
3436,点 解 近 排 晚 晚 都 甘 难训 得 着 嘎 ?,3,3
3437,u   are   braver   than   i   thought .,1,1
3438,入 了 ysl 唇釉 7 和 42   然而 还是 觉得 12 最 好看   42 素颜 涂 了 太 奇怪,2,1
3439,说 出去 也 是 自豪 ! 我 也 是 免费 玩 过 vr 的 人 了 !,5,5
3440,有 多少 集 ' 快 来 大本营 ' 没 看 啦 [ 怒 ] [ 抓狂 ] [ 闭嘴 ],2,4
3441,错过 就 会 变成 过错 ! [ 衰 ] @ hy_-q 小 龟,2,5
3442,真的 是 母子 连心 。,0,0
3443,瘦 得 胸 都 没 了 [ 泪 ] [ 泪 ] [ 泪 ] [ 泪 ] [ 泪 ],2,2
3444,这 就是 我 想 要 的 效果 。,1,1
3445,狗熊 耍 门 棍   老虎 兜 圈子,0,0
3446,"脚踏实地 , 也 别 忘记 仰望 星空 。",0,3
3447,我 的 烦恼 只 存在 三 秒,0,0
3448,习题 课 ~ ~ ~ 差 10 分钟 先 够 3 个 钟 之 嘛 ~ ~ ~ ~ 饿 扁 左 之 嘛 ~ ~ ~ ~,3,0
3449,"19 岁 要 做 有 意义 既 嘢 , 啱 听 磨 [ 酷 ] [ 酷 ]",1,1
3450,天 啦 ! 下雨 啦 下雨 啦 !,5,5
3451,怀念 哥哥 [ 蜡烛 ],2,2
3452,忽然 想 去 唱歌 !,0,2
3453,流量 又 回来 了 ! [ 亲亲 ] [ 太 开心 ] [ 做 鬼脸 ] [ 太 开心 ] [ 太 开心 ],5,5
3454,"没有 无线 的 生活 就 像 一 盘 沙 , 风 一 吹 , 就 变成 话费 了 [ 挖 鼻 屎 ]",2,3
3455,终于 顺利 毕业 啦 !,5,5
3456,好 想见 雪 一面 啊 早 知 我 也 跑 去 湖南 湖北 读书 了 哈哈,1,5
3457,今天 是 杨二车娜姆 的 好 日子   特地 送 上 一 支 蜡烛 [ 蜡烛 ],5,5
3458,新 一代 飞度 什么 时候 推出 ? 怎么 一点 消息 都 没有 ? !,0,4
3459,还 好 偶 天生 乐观 开朗 ~ 积极 向上 ~,5,5
3460,"总是 唱 英文 歌 的 , 肯定 是 唱 中文 有 问题 的 。 隐藏 什么 ? ?",3,1
3461,真的 就是 这么 准时 : 北京 时间 十一 点 整 。,0,0
3462,还 挨个 中耳 炎,2,0
3463,昨天 认真 地 做 了 一 遍 郑 多燕 。 今天 全身 动弹 不得 。 ╰ _ ╯,2,0
3464,"想 吃 大虾 , 屁 屁 虾 , 螃蟹",1,3
3465,这次 的 冲印 效果 失望 了 . .,2,2
3466,"“ 现有 水平 , 难以 毕业 ” 。 。 。 他 是 吓 我 呢 吧",0,0
3467,"发现 自己 总是 不 善于 抓住 机会 , 呜呜",2,2
3468,[ 困 ] [ 困 ] [ 困 ] [ 困 ] [ 困 ] 坐班 [ 困 ] [ 困 ] [ 困 ] [ 困 ] [ 困 ],2,2
3469,呼   上 瑜伽 啦 … 报名 那么 久   第 一 次 上   加油 吖   小倩,5,5
3470,"[ 萌 ]   [ 爱心 ] 心情 真是 很 关键 , [ 爱心 ] 心情 不好 就 影响 一切",0,5
3471,"“ 忽悠 ” 这个 词 只 适用 于 商业 , 不 属于 朋友 ! 切记 !",0,3
3472,app 里 搜 不到 汤 [ 拜拜 ],0,0
3473,"好 贤惠 啊 , 等 你 回国 了 我 请 你 吃 羊 脖子 [ 嘻嘻 ]",1,5
3474,"感冒 了 , 好 难受 呀 [ 感冒 ] 我 错 了 , 我 不该 吃 烧烤 的 [ 委屈 ]",2,2
3475,"被 挂科 预警 了 , 要 好好 学习 了 。 。 [ 泪 ]",2,2
3476,"xq 们 , 小 罗江 正式 回归 也 …",5,1
3477,西塘 很 舒服 哦 ! 下回 一定 还要 来,1,1
3478,他家 真心 不错,1,1
3479,清醒 不少 ' ' ' 来 口 可乐 吧 [ 酷 ],0,5
3480,温州 茶山 的 杨梅 一级 棒 ! [ 馋嘴 ] [ 鼓掌 ],1,1
3481,哄 好 老妈 和 婆婆 才 是 关键 [ 嘻嘻 ] [ 嘻嘻 ],5,5
3482,哎哟 . . . . . . . 各种 想 出去 。 就是 没 得 资金,2,2
3483,"最近 车 跟 我 有 仇 的 , 今天 又 死 火 了 , 哎 , 怎么 办 ?",3,3
3484,我 想 去 看 苏打绿 的 演唱 会,1,1
3485,"老妈 不 在家 , 扣扣 开 例会 , 唯有 老 鸭 面 , 味 美 又 省钱 。",1,1
3486,"最近 肤色 暗沉 得 很 , 怎 办 ? [ 泪 ]",2,2
3487,听说 布朗 被 开除 了 。 湖 蜜 怎么 看 ? [ 哈哈 ],5,5
3488,瓜 批 大爷,4,0
3489,看到 武汉 31 度 上海 36 的 时候 我 的 内心 是 充满 感动 的 [ doge ],2,5
3490,啊 啊 啊 啊 啊 啊 啊 啊 啊 ~ 明天 要 不要 去 面试 [ 挖 鼻 屎 ],2,2
3491,要 疯,2,4
3492,很多 事 都 在 一 念 之间 。,0,0
3493,今天 的 个展 很 毛燥,3,5
3494,有 什么 能 开动 脑筋 的 活动 ! 我 不 想 变 痴呆 啊,2,4
3495,"咦 , 我 的 区 佛祖 怎么 不见 了 !",0,2
3496,"刚 听 了 一 首 伤心 童话 , 真心 的 没 听 下去 !",2,2
3497,"这 只 金箍 , 我 先 带 为 敬 ~ ~",0,1
3498,"我 想 看 电影 , 我 想 吃 米斯特 , 我 想 回家 。",2,2
3499,无心 复习 的 人 伤 不 起 。 。 。,2,2
3500,每天 吃 着 自己 烧 的 菜   就是 心安 [ lt 羞 ],5,0
3501,"雨 后 北京 很 凉快 , 成都 闷热 难耐 …",3,3
3502,呼叫 @ 爽 无双   @ 翟 _ 小 _ 闹   在 不在 ?,0,5
3503,说 起来   再 长 个 我 就要 突破 170 大关 了 [ 拜拜 ],0,5
3504,"我 发 的 都 是 竖 的 照片 , 怎么 一发 出去 就 变 横 的 啦 ? 撒 情况 ?",0,4
3505,"貌似 我 要 给 一个 小 男孩 当 妈妈 , 公主 裙 买 不 成 了 。",2,0
3506,"我 换 号码 了 , 18620614869 , 麻烦 各位 记录 一下 。",0,2
3507,严重 感冒 外加 落枕 ! ! 好 难受 … [ 晕 ] [ 晕 ] [ 生病 ] [ 生病 ],2,2
3508,饿 [ 生病 ] 牙痛 不能 次 [ 泪 ] 好 想 次 肉 [ 睡觉 ],2,2
3509,"开 着 窗 有点 凉 , 终于 可以 穿 长袖 了 ( ′ ‵ )",0,5
3510,"想 去 北京 , 四川 , 台湾 , 日本",1,3
3511,等 了 半天 的 h 就 这样 被 和谐 了 。 我 。 。 [ 泪 ],2,2
3512,谁 能 告诉 我   我 的 msn 密码 多少 ?,2,2
3513,"今天 爸 妈 送 我 的 车 来到 了 我 身边 , 谢谢 爸爸 妈妈 !",5,5
3514,[ 偷 笑 ] [ 偷 笑 ],5,5
3515,"虽然 周六 就 可以 搓麻 了 , 不过 晚上 还是 想 打 会儿 牌 [ 偷 笑 ]",5,5
3516,你们 最近 好 吗,0,4
3517,植树 节 我 需要 做 点 什么 吗 _ ( : з 」 ∠ ) _,0,0
3518,[ 甜 馨 爱 你 哟 ] 人生 又 圆满 了 一 步,5,5
3519,"高速 公路 向 停车 场 的 华丽 变身 。 假期 先 黎 感冒 , 唔 通 。 。 。",2,1
3520,"又 来 了 , 这 段 时间 应该 都 不用 吃 东西 了 , 难受 [ 生病 ] [ 泪 ]",2,2
3521,[ 给 力 ] [ 威武 ],1,1
3522,我 孤独 了 又,2,2
3523,有些 人 呀 真的 不 知道 该 拿 什么 词 来 形容 真是 让 人 想 [ 吐 ],3,4
3524,"心情 好好 [ 哈哈 ] [ 爱 你 ] 哈 哈哈 , 猜 对 有奖 , [ 鼓掌 ] [ 鼓掌 ]",5,5
3525,( ovo ) 米 酱 这次 的 碟子 很 高端 洋气 上 档次 啊,1,5
3526,"最 开心 的 事 就是 , 接 完 进港 没 行李 ! 终于 下班 , 碎 觉 !",5,5
3527,和田 街 的 淼 淼 更 好吃 [ 馋嘴 ],1,1
3528,"难道 这 不是 你 想 要 的 答案 , 悲伤 什么 ?",0,3
3529,明天 早上 回家 罗 ! oh   yeah ! 期待 家里 的 电脑 … …,5,5
3530,[ 酷 ],1,1
3531,"走 了 , 提 着 两 大 袋 回忆 , 满满 的 。 再见 , 中大 。",2,2
3532,"跑 来 看 校庆 晚会 , 位置 都 快 没 了 , 人气 真 旺 !",5,5
3533,感觉 现在 的 睡眠 越来越 不好,2,2
3534,"宿舍 奇异 事件 发生 , 阿扁 突然 不见 , 好 怪异 啊 ! !",2,2
3535,啊 啊 啊 ~ 我 要 减肥 。 。 。 [ 泪 ],2,2
3536,"为什么 吃 米粉 的 时候 都 要 叫 上 我 , , 我 实在 不 好 意思 再 去 了",2,2
3537,我 有 极其 强烈 的 口臭 。,2,1
3538,"在 爱 奇 艺 看 笑 霸 来 了 , 老子 被 笑 抽 了 , 各种 吐槽 [ 崩溃 ]",5,5
3539,部 死人 手机 又 坏 佐 了 [ 抓狂 ] [ 抓狂 ] [ 抓狂 ] [ 伤心 ],4,2
3540,"oh , my , lady   gaga .   我 想 吃 牛肉 丸 了 。",1,1
3541,现在 不 要脸 的 男人 真 多 . . . 我 要 帅哥 . . . 谢谢,1,1
3542,我 的 天 纳 ~ 吃 多 了 好 难受 ~ 再也 不要 吃 这么 多 了 ~ 哭 死 [ 好 可怜 ],2,2
3543,星期 天 要 陪 着 别人 去 撒谎 . . . 唉 . . . . 实在 是 不 情愿 . . .,3,2
3544,"休息 在家 狠 无聊 , 有 啥 节目 啊 [ 抓狂 ]",3,3
3545,"金 惠珍 有 池 成俊 很 幸运 , 但是 我 觉得 她 有 闵 夏莉 更 幸运",1,1
3546,今天 勇敢 地 吃掉 了 在 冰箱 放 了 九 个 月 的 雪糕 。,0,5
3547,这年 过 的 真 tmd 太 无聊 了 [ 熊猫 ] [ 挖 鼻 屎 ] [ 思考 ],3,3
3548,"我 死 了 , 有人 会 骂 我 活该 吗 ?",0,4
3549,"今天 早上 喝 了 一 碗 豆浆 , 吃 了 一个 饼 、 两 个 三明治 [ 吃惊 ]",0,0
3550,"那些 干 增 粉 买卖 的 真 不少 啊 。 可惜 , 偶 不 买账 。",3,3
3551,"我 , 回来 了 。",0,2
3552,"暴雨 … … 天 乌 乌 , 还 好 早上 不用 出去 !",2,2
3553,光棍 节 什么 的 都 是 浮云,0,4
3554,"这个 点 , 应该 没有 人 还 没 睡 吧 。 [ 熊猫 ] [ 熊猫 ]",0,3
3555,快 不行 了   肚子 疼   腰 酸   浑身 没劲 儿   下午 还要 忙 。 。,3,3
3556,此 去 经年,0,0
3557,"真心 累 , 真心 忙 , 真心 不 想 上 学堂 [ 抓狂 ]",3,3
3558,"有 个 土豪 吧 友 真 好 , 他 居然 有 一万 多 m 值 , 他 答应 帮 我 换 票 了",1,1
3559,let   it   be [ 泪 ],2,2
3560,"我 明白 了 啥 叫 差距 , 我 以前 真是 想 错 了 … …",2,2
3561,好像 晚上 不 吃饭   也 没有 想象 中 那么 饿 喔 [ 困 死 了 ],0,3
3562,剪 个 二 逼 头 迎 元旦   但愿 新年 不 二 逼,2,4
3563,出发 中 … 前往 广州 … 同学 们 迟 d 见 哈 ! 开心 ing …,5,5
3564,我 要 领 结婚 证 了   没 啥 期待 . 心情 复杂   这 是 婚前 恐惧 症 吗   ? ?,2,2
3565,我 还 没 睡 还 没 睡 竟然 还 没 睡,4,4
3566,一日三餐   吃 2 餐 面 [ 抓狂 ],3,0
3567,体检 神马 的 好 怕 怕 啊 ~ @ 虞 舒然 lady   [ 委屈 ],0,5
3568,"10:50 大堂 中饭 , 现在 我 好 饿 好 饿 好 饿 啊 [ 泪 ]",2,2
3569,谁 晚上 有空 陪 我 吃饭 看 电影 啊 ~ ~ ~ ~ ~,0,5
3570,不 悔 梦 归 处   只 恨 太 匆匆,2,3
3571,等待 桩 考 中 、 我 一点 也 没有 把握 ! [ 泪 ],2,2
3572,下午 有 乜 搞 捏 ?,0,3
3573,今年 不 知道 为什么   迷彩 外套 莫名其妙 就 烂 大街 了,3,4
3574,"爷 在 香港 , 好 远 好 远 ! !",0,1
3575,sos 。 。 。 。 。 。 。 。 。 。 。 。 。 。 。 。 。 。 。 。 。 。 [ 泪 ],2,2
3576,欲 速 则 不 达 !,0,0
3577,买 的 裙子 很 合身 刚刚 好,1,5
3578,内心 相当 地 纠结 ~ ~ ~,2,2
3579,肚子 好 饿 啊 . ~ ~ ~ ~ [ 泪 ] [ 泪 ] [ 泪 ],2,2
3580,"我 20 岁 , 在 成都 , 要 去 丽江 。",0,1
3581,还有 比 吃 着 饭 停电 更 恐怖 的 么,3,3
3582,"刚 有 个 客人 说 我 像 85 年 的 , 有 吗   我 有 这么 老 吗 ? ? ?",4,4
3583,"我 好 想 回到 高三 , 因为 希望 就 在 你 眼前 明晃 !",1,1
3584,"日出 东方 , 快快 起床 , 每天 保持 5 点 59 分 !",0,0
3585,"今日 入手 一 只   龟 , 求 起名 。 [ 心 ]",1,1
3586,搵 不到 华星 三宝 拉 阔 视频 啊   555555555 [ 泪 ],2,2
3587,"又 一 年 annual   dinner , 班车 上 。",2,2
3588,"明天 , 海 吃 海 喝 。",1,1
3589,我 快 长 蘑菇 了 ! 必要 的 时候 大家 可以 来 收割 !,0,5
3590,明信片 明信片 。 私 信 地址 我,0,1
3591,大学 同学 都 在 创业 。 。 。 表示 压力 大 啊 [ 霹雳 ] @ fanny 露,0,1
3592,hope   every   thing   is   gonna   be   alright . [ 泪 ],2,2
3593,"谁 跟 我 提 喝酒 和 谁 急 , 今天 尼玛 不用 上班 了 !",4,4
3594,才 几 号 啊 … … … … 就 没 流量 了,2,2
3595,"回到 这 没 水 的 7 栋 心情 特别 烦躁 , 去 死去 死去 死",4,4
3596,[ 可爱 ] [ 爱 你 ],1,1
3597,"打开 微薄 都 不知 发 咩 好 , 老 了 老 了",2,3
3598,抑制 不住 的 想 要 发泄 。 我 还是 选择 沉默 。,2,2
3599,"不管 怎么 纠结 , 四级 成绩 已经 在 那里 了 , 不 悲 不 喜 。 。 。",0,2
3600,彻底 的 一 班 装 b 的 傻 b ! 老子 才 懒 的 叼 ! 捱 埋 今年 say   bye !,4,4
3601,"找 人 吃饭 都 困难 了 , 唉 …",2,2
3602,"西安 比 成都 还 热 , 唉 [ 崩溃 ]",2,2
3603,浪漫 开心 要 付出 代价 . . . . . . . 珍惜 眼前 . . . . . .,5,5
3604,yy 上 所谓 的 pia 戏   我 真的 是 无法 直视 啊 。 。 。 。 手 贱 啊 ! !,4,2
3605,早上 好 ~ .   今天 起来 看见 外面 有 那么 一点 白 . 下雪 了,0,1
3606,请 给 我 一个 能够 快速 说服 自己 起床 的 理由 ~ [ 抓狂 ] [ 抓狂 ] [ 抓狂 ],3,2
3607,"我们 这里 庙 小 大 和尚 来 的 却 挺 多 , 真 郁闷",2,1
3608,累 [ 悲伤 ],2,2
3609,"希望 , 还是 绝望 ?",0,1
3610,"啧 啧啧 … 诺言 其实 无关 未来 , 只是 为了 美化 现在 。",0,0
3611,我 是 不是 又 说 错 话 得罪 人 了 ? [ 黑线 ],2,4
3612,"还是 家里 舒服 啊 , 我 是 超级 无敌 大 宅女 , 怎么 办 [ 泪 ]",2,2
3613,"又 减 负荷 了 , 还是 没有 负荷 , 什么 气候 双 停 呢 ? [ 馋嘴 ]",3,3
3614,忽然 想 吃 何 耀文 的 寿司 了 . . .,0,1
3615,"中石化 加油 电子 充值 卡 , 面额 300 , 转让 。",0,1
3616,[ 围观 ],0,0
3617,"终于 可以 用 学校 的 无线 咯 , oh , yeah !",5,5
3618,来 了 1 群 师妹 [ 生病 ],0,0
3619,"又 开始 犯困 , 难道 感冒 药 真 吃 不得 ? ? ?",3,3
3620,"广州 的 习俗 是 冬至 大 过年 , 北方 人 是 不是 今天 要 吃 饺子 的 ?",0,0
3621,"发烧 第 十 天 , 住院 检查 , 还是 不道 啥 原因 , 真 愁 人 [ 生病 ]",2,3
3622,我 想 知道 第 六 期 第 几   迫切 想 知道 [ 抓狂 ],0,2
3623,"嗯 嗯 , 有 进步 就要 继续 努力 ! 向 目标 进发 ! !",1,1
3624,[ 失望 ] [ 失望 ] [ 失望 ] 求 抱抱,2,2
3625,现在 还有 盗 支付 宝号 的 ? ? 真是 够 了 [ 怒骂 ] [ 鄙视 ],4,3
3626,回 校 了 [ 白云 ],0,5
3627,[ bofu 扭 ] 好多 二中 的 人 报 了 广东 科学 技术 职业 学校 。 [ 熊猫 ],0,5
3628,[ 思考 ],0,0
3629,"汪涵 何炅 各有千秋 , 谁 不 差 谁 。 。 虽然 更 喜欢 何 的 风格 [ 口罩 ]",1,3
3630,"好 烦 好 烦 , 搞 到 呢 几 日食 悟 安 、 训 悟 落 [ 哼 ] [ 哼 ] [ 哼 ]",3,3
3631,冷 哇 !,0,5
3632,"古牧 是 姐 的姐 的 梦想 , 可是 , 姐 又 舍 不得 大米 . . . . . .",0,1
3633,怎么 会 碰到 这么 恶心 的 房东 啊 ! ! ! 忍不住 骂 脏话 ! 妹子 的 ! ! !,4,4
3634,降温 了 [ 落叶 ],2,5
3635,"去 到 鹅城 吾 够 半 个 钟 , 走人 ! ! 向下 一 站 继续 出发 !",4,5
3636,"点 解 滴 妈妈 要 在 露天 喂奶 , 唔 通 乳房 要 吸收 日月 精华 ?",0,1
3637,"我 爸 突然 打 了 个 电话 给 我 , 问 我 要 不要 当兵 … …",0,4
3638,今天 心烦,3,0
3639,原来 风 四 娘 是 吴 奇隆 前妻 啊 [ 衰 ],0,2
3640,[ 打 哈气 ]   请 叫 我 紧张 、,0,0
3641,"cold   air , please   donot   come ! ! ! 我 要 去 毕业 旅游 ~ ~ ~ ~",1,1
3642,"晕 掉 , 谁 帮 我 改名 啦 ? ? 外 区 isa 叫 我 ruru [ 可怜 ] [ 晕 ]",0,2
3643,毛 出 疹子 ! [ 泪 ],2,2
3644,"我 很 佩服 开发 系统 的 人 , 杂 个 复杂 杂 个 来",3,3
3645,"这 两 天 看 澳网 男单 的 人 , 没准 就要 去 心脏 科 挂号",0,3
3646,晚上 是 吃 麦当劳 呢 还是 麻辣 烫 呢 [ 思考 ] [ 思考 ] [ 思考 ],0,3
3647,金牛 座 的 女人 的确 有点 恐怖 啊 . . . . . .,3,3
3648,"悲 催 了 。 。 。 床垫 高度 才 5cm 不到 , 没 办法 用 床 栏 。 。 。 [ 囧 ]",2,2
3649,"搅 肚 , 痛 两 天 了 [ 生病 ] [ 生病 ]",2,2
3650,小强 表哥 突然 入侵   我 很 忧虑 [ 抵消 ],2,2
3651,"48 天 咯 , 20130105",0,5
3652,我 只有 在 思考 人生 真谛 的 时候 才 会 失眠,2,2
3653,我 亲爱 的 表妹 居然 已经 高 我 一个 半头 有 多 了 … [ 泪 ] [ 泪 ],2,2
3654,心 在 降温 ! 冷 的 我 直 发颤 !,2,2
3655,"倒霉 。 。 。 手机 掉 厕所 里 了 , 到 现在 还 开 不 了 机 。 。 。",3,3
3656,又 无聊 了 。 。 。,3,3
3657,坑,3,3
3658,嗓子 疼,2,0
3659,很 不错 的 抓饭,1,1
3660,我 终于 决心 把 某个 人 黑 名单 了 ! 哦 也 !,4,5
3661,"疯狂 的 想 回家 ~ 想 爸爸 想 妈妈 ~ ~ 在 唐山 的 夏天 , 是 冷 的 。",2,1
3662,成 晚 训 悟 着 [ 泪 ],2,2
3663,需要 拯救 [ 委屈 ],2,0
3664,"中午 没 睡觉 , 结果 大脑 灵敏 度 直线 下降 。 。 。",0,0
3665,成 了 [ 耶 ],5,5
3666,[ 可怜 ] 第 一 次 一个 人 留宿 。 [ 泪 ] 有点 怕 。,2,2
3667,羽绒 衣 是 个 问题 … … ! 我 果然 去 不 了 北方 !,4,4
3668,啥 时候 带 姐 我 去 次,0,5
3669,精 。 神 。 压 。 力 。 好 。 大 。 [ 委屈 ],2,1
3670,"我 要 出去 感受 第 一 场 雪   , 谁 也 别 拦 着 我",0,2
3671,"不要 让 我 有 想 放弃 的 感觉 。 。 。 , , 这样 没 意思 。 。",3,2
3672,为什么 我 每天 都 饿 每天 都 困 ~,2,2
3673,貌似 今天 会 稍微 轻松 一些,1,0
3674,我 煮 的 面 怎么 可以 这么 好吃 ! ! [ 得意 地 笑 ] [ 笑 哈哈 ],5,5
3675,"那 男 的 太 逊 了 , 她 都 看 不 上 ~ 自然 我 也 就 没有 了 破坏 的 念头 啦 ~",0,5
3676,"竟然 决定 了 , 就 出发 吧 ~ ~ ~ go   go   go",5,5
3677,我 未知 的 恋人 你 在 哪 ? 我 饿 了 。,0,2
3678,"对 日本 不满 , 可恨 我 又 难以 割舍 日本 文学",1,1
3679,多 想 无益   脚踏实地,0,0
3680,聪明 的 人 应该 出现 在 正确 的 时间 。 [ 下雨 ],0,0
3681,胃 又 痛 了 。 。,2,2
3682,"忽然 变得 不会 聊天 了 , 满 手机 屏 大 些 的 尴尬 。 [ 生病 ]",2,0
3683,明天 去 验 下 视力 [ 怒骂 ] 我 想 参军 。,0,2
3684,"驾校 师傅 技能 好多 啊 , 狂暴 了 还要 嘲讽 。 。 。 [ 黑线 ]",3,2
3685,最后 被 屈服 … [ 抓狂 ] 反 到 屋,0,2
3686,下次 产检 要么 我 也 带 点 毛线 过来 织 织 [ 打 哈气 ] [ 打 哈气 ],0,0
3687,比 去年 的 这个 时候 胖 十 斤   干 ! ! !,4,1
3688,"不 听 , 不 看 , 不 想 。 自己 的 脆弱 自己 抗 。",2,3
3689,"宝贝 起床 了 , 天 呐 ~",5,5
3690,"头晕 , 不 舒服 啊 …",2,2
3691,扁桃 体 化脓   痛 死 了   估计 要 去 挂 盐水 的,2,4
3692,放开 你 亦 等于 放开 我 自己 !,3,2
3693,"好不 容易 下 决心 去 , 结果 给 我 休息 一 刚 。 。 。 。",0,0
3694,只 为了 那 一 句 不 辜负 …,2,2
3695,什么 时候 能 说 句 话 呢 ?,0,0
3696,"我 就是 个 知心 姐姐 。 只 会 医 别人 的 心 , 却 医 不 了 自己 。",2,2
3697,"睡 前 许 个 愿 , 再 长 高三 厘米 ~",1,0
3698,有 木 有 觉得 伊 恩惠 特别 好看,1,1
3699,你 永远 无法 理解 。,2,2
3700,明天 干嘛 呢   干嘛 呢   忽然 闷 的 慌 ~ [ bed 凌乱 ],2,2
3701,吃 上 就 好 [ 嘻嘻 ] [ 嘻嘻 ],5,5
3702,"权益 部 消失 多久 了 , 总算 出来 了",0,3
3703,"自欺欺人 , 自作自受 , 自食其果 。 哈 哈哈 。 。 。 。 。 。",2,5
3704,现在 应该 说 点 什么 ? 自己 向往 已 久 的 西藏 ?,0,3
3705,"睡 了 十一 个 半 钟头 , 心满意足 地 去 觅食 了 。 。 。",5,0
3706,一定 要 诅咒 偷 我 手机 跟 钱 的 人 不得 好 死 ! ! ! ! ! [ 怒 ],4,4
3707,今天 真 好   买 了 手机 了   嘻嘻   爽爽   哈哈 ~ ~ 走 了 个 下午 了,5,5
3708,害怕 离去 。 。 。,2,0
3709,我 擦 你 看 你 那 小 女人 样,0,0
3710,2013-07-14 ~ 2013-07-20 .   mark .,0,1
3711,"闺女 第 一 次 坐 火车 , 跟 爸爸 妈妈 , 姥姥 姥爷 一起 回 上海 !",5,5
3712,"又 是 没 课 的 日子 , 看 电视 剧 打发 时间",0,3
3713,so   anyone   good   night,1,1
3714,回家 ! 今晚 一定 睡 得 香 !,1,1
3715,我 勒 个 去 ! 又 被 自己 的 咕噜 声 吵醒 [ 泪 ],2,2
3716,这 图 [ 汗 ] [ 汗 ] [ 汗 ],0,3
3717,草 ! [ 怒 ] [ 怒 ] [ 怒 ] [ 怒 ] [ 怒 ] 竟然 比 我 遇到 色狼,4,4
3718,"求 缓解 腿 胀 , 关节 炎 的 秘方",0,0
3719,"power 哥 、 captain   cool 、 唐 亦琛 , 最近 的 大叔 真 要命 啊 … …",0,3
3720,"安全 到家 ! 很 幸运 , 雷声 大 , 雨点 小 ! 呵 ~",5,5
3721,"身体 不适 , 我 要 保重 。 [ 神马 ] [ 浮云 ] [ 神马 ] [ 浮云 ]",0,5
3722,看到 护肤 品 打折 就 走不动 了,0,3
3723,"尼玛 啊 , 148 都 不 进站 , 坑 爹 呢",4,3
3724,连续 三 天 枫林 本部 来回 了 … …,0,2
3725,出去 骑车,0,0
3726,"我 曾经 认真 地 说 爱 你 , 如今 也 认真 地 说 分手 。 — 某某 人士",2,2
3727,忍 别人 不能 忍 的 。   做 别人 不能 做 的 。   想 别人 不能 想 的 。,0,0
3728,"再 这样 下去 , 我 会 否 瞎 ?",0,2
3729,咋 都 回国 了 ? ? 都 放假 ? ?,0,3
3730,"心情 不 爽 , 想 扎 耳洞 [ 有 鸭梨 ]",2,2
3731,"我 去 , 最近 很 喜欢 听 轻 音乐 啊 。 。 。 [ 不倒翁 ]",1,1
3732,[ 泪 ] [ 泪 ] [ 泪 ] [ 泪 ] [ 泪 ] [ 泪 ] [ 泪 ] [ 泪 ] [ 泪 ] [ 泪 ] [ 泪 ] [ 泪 ] [ 泪 ] [ 泪 ] [ 泪 ] [ 泪 ],2,2
3733,蓝精灵 伴 我 入眠 … … 晚安 !,5,5
3734,地铁 只 收 硬币 ' 带 包 的 要 排队 安检 [ 怒 ],4,4
3735,可 算 蒙 完 呢   累死 我 了 [ 衰 ] [ 衰 ] [ 衰 ],2,2
3736,[ 爱 ],1,1
3737,你 可以 再 冷淡 一点   ( 最 讨厌 打 电话,3,3
3738,起床   不 起床   起床   不 起床   纠结 中   ( - _ - ) zz,0,0
3739,"筒子 们 , 你们 到 哪里 去 了 ~ 一个 关机 , 一个 不 接 电话 [ 熊猫 ]",0,3
3740,欲求 不满 的 一 天 。 。 哎 。 。 如何 满足 饥渴 的 心 啊 。 。 。 [ 泪 ],2,2
3741,"露露 说 我 的 胃 好 强大 , 告诉 我 这 是 在 夸 我 [ 可怜 ] [ 可怜 ] [ 衰 ]",2,2
3742,剪 了 一个 巨 傻 巨 傻 巨 傻 的 头发 [ 泪 ] [ 泪 ] [ 泪 ] [ 抓狂 ] [ 抓狂 ] [ 抓狂 ],2,2
3743,好好 加油 ! ! ! keep   ur   chin   up ! ! !,1,1
3744,"海边 婚礼 演出 结束 , sax 和 bass 真是 怪兽 级别 的 ~ 赚 了 75 美金 [ 嘻嘻 ]",5,5
3745,"抢 票 就是 战场 , 即使 胜利 告终 , 也 是 伤痕累累",0,0
3746,"睡觉 , 没 人 心疼 , 要 学会 自己 心疼 自己 [ 可怜 ] , 谨记 . . . . . . . .",2,2
3747,是 不是 该 在 你 消失 的 日子 做 什么,0,0
3748,很 好 . . . 停水 又 停电 . . . . 华商 很 哈佛 啊 . . . . . . . . . .,3,1
3749,蹭 洒水 车 洗 了 个 车 [ doge ] 连续 超车 什么 的 好 爽,5,5
3750,我 在 通宵 看书 ! 精神 打 起 ! 加油 ! 你 可以 的 ~,1,1
3751,[ 馋嘴 ],0,5
3752,"4s 到货 了 , 纠结 自己 换 不 换 ? [ 偷 笑 ] [ 偷 笑 ]",5,5
3753,"有 无 皆 忧伤 , 不如 若无其事 。",2,3
3754,文笔 不好 又 不会 作图 做 视频 的 cp 饭 应该 挺 自卑 的 [ 嘻嘻 ],2,5
3755,"拜托 , 不是 你 想 怎样 就 怎样 的 。 [ 挖 鼻 屎 ] [ 挖 鼻 屎 ]",3,3
3756,"训 左 13 个 钟 , 精力 翻 嗮 离",0,0
3757,"请 允许 我 礼貌 并且 优雅 地 说 一 句 , 去 你 大爷 的 。 谢谢 。",4,1
3758,我 好 想 你,1,1
3759,"老子 腰 特别 疼 , 要 断 了",3,3
3760,梅州 东山 中学 西 校 门口 签到 : 哥 我 要 坐车 回 校 了 … … …,0,2
3761,我 把 钱 放 进 洗衣 机 里 了 。 。 。 。,0,3
3762,我 操 你 妈 谦 逼 ! ! ! ! 哥 睡 了,4,4
3763,原来 后天 就 返校 交 作业 了 啊 我 还 以为 我 有 很多 时间 呢 . . . [ 生病 ],2,2
3764,感觉 眼睛 越来越 小 了 5555,2,5
3765,人生 微醉 时刻 最好,1,1
3766,建议 到 医院 进行 检查 确定 为 宜,0,0
3767,"其实 我 很多 话 想 说 , 只是 每 一个 合适 的 身份",0,2
3768,"今天 终于 看到 胸 大 无 脑 , 身 坚 智残 的 了 → _ →",0,5
3769,"真 希望 所有 人 都 可以 过 得 开心 , 过 得 幸福 ~ ~ ! [ 抱抱 ]   [ 抱抱 ]",5,5
3770,一早 被 热 醒 的 感觉 真 tm 的 憋 去 [ 风扇 ],3,4
3771,"23 岁 还 长 尽头 牙 , 疼 死 我 了 。",3,4
3772,"这 时候 通知 我 要 来 寝室 装 空调 , 我 是 装 还是 不 装 。 。 。",0,3
3773,"没有 人 喜欢 孤独 , 只是 不 愿 失望 。",2,2
3774,貌似 我 这次 很 有 减肥 的 决心 [ 赞 ],1,1
3775,隐隐约约 感觉 得到 ~,0,5
3776,去 不到 . 你 妹子 [ 怒骂 ] [ 怒骂 ] [ 怒骂 ],4,2
3777,好 热 啊 [ 泪 ] 1t 硬盘 到 了 [ 心 ],0,2
3778,看到 跟 @ 何炅   一 天 生日 瞬间 好 开心 ! [ 太阳 ] [ 挤眼 ] [ 害羞 ],5,5
3779,唉 ! 感觉 我 的 驾照 是 白 考 了 … …,2,2
3780,谁 这么 好心 呀 ! ! 给 我 充 了 50 元 话费 ~ 哈 哈哈,5,5
3781,2011 最后 一 天 要 开心 [ 亲亲 ] [ 嘻嘻 ],5,5
3782,"还有 三 小时 就是 所谓 末日 , 个 么 , 我 爱 大家 ! ! ! ! [ 偷 笑 ]",5,5
3783,今天 终于 见 着 某些 lo 娘 的 矫情 了 。 太 tm 扯淡 了,3,5
3784,惊喜 ? 会 是 什么 惊喜 呢 ?,5,0
3785,"我 失眠 了 ~ 我 真的 失眠 了 , , 。 。 、 、 [ 委屈 ]",2,2
3786,刚刚 完工 的 宝贝 61 活动 演出 服装,0,1
3787,吉娃娃 果然 是 条 神经 质 的 狗 … 真 不 讨 人 喜欢 …,3,3
3788,又 冷 又 饿 。 。 。 otz,2,3
3789,今晚 我 还 想 吃 蛋糕 [ 馋嘴 ] [ 馋嘴 ] [ 馋嘴 ] [ 馋嘴 ],1,5
3790,"哦 对了 , 粉丝 爆 增 。 。 神马 状况 。 。",0,1
3791,"少 了 点 什么 ,",0,3
3792,"神奇 的 网络 , 无所不能 。",0,0
3793,蚊子 你 把 我 吃 了 吧,3,3
3794,"为了 一个 iphone , 至于 吗 ?",0,0
3795,猫 宁 [ 阳光 ] [ 微风 ],0,1
3796,咋 忘记 发 钱 咯 呢 [ 汗 ],0,2
3797,这 环境 真 让 我 有点 无话可说 … …,2,2
3798,今天 没有 饿 的 感觉,2,2
3799,终于 解放 了 ~ ~   辞职 咯 ~ ~,5,5
3800,"竟然 有 蚊子 , 什么 世道 ! ! ! !",4,4
3801,聚餐   吃饭   !,5,5
3802,5.1 值班 。 不 劳动 的 劳动 节 怎么 能 叫 劳动 节 呢 ? [ 挖 鼻 屎 ],0,2
3803,喜欢 大连 [ 心 ],1,1
3804,吃 饱 真是 舒服 !,5,5
3805,"去 , 还是 不 去 ? 这 是 个 很 严重 的 问题 。",0,3
3806,[ moc 大 口 吃 ] [ moc 大 口 吃 ] 嗲 的 ~ 在 我 最 饿 的 时候 - 0 - 雪中送炭 纳 !,1,1
3807,明天 早上 回家 噜 ~ ~ 各种 羡慕 吧 ! 咔 咔 咔,5,5
3808,这 时候 那些 住 10 楼 以下 的 单位 用户 开心 死 了 。 低 楼层 优势 啊 。,5,2
3809,[ 微笑 ] 组装 了 鞋 架 。 更换 了 水管 。 喂 个 猫 。 看 个 小丸子 。,5,5
3810,蛋 包饭 . . 我 终于 可以 一 试 你 噶 味道 喇 . . 哈哈 . .,5,5
3811,"秋意 的 第 一 天 , 我 很 配合 的 感冒 了 ~ [ 生病 ]",2,2
3812,修 房子 的 终于 来 了 [ 鄙视 ] [ 鄙视 ] [ 鄙视 ] [ 鄙视 ],3,3
3813,"累 坏 了 , 我 要 好好 睡 一 觉",2,2
3814,"最近 点 不顺 , 闹心",3,3
3815,小 了 卖 直 @ 放荡不羁 洛默 君   @ 肖楠 shawnan   @ 林 晓纯 児   [ 挖 鼻 屎 ],0,5
3816,"又 睡 到 中午 , 饿 了 。 爬 起来 去 找 吃 的 。",3,3
3817,各种 纠结 . . . 明天 又 三缺一 老 . . .,2,2
3818,"第 二 天 了 , 一 粒 米 的 滋味 都 没 尝 过 。 有点 意思 。 。",2,2
3819,"一个 人 在 被窝 里 静静 的 , 暖暖 的 等待 新年 。 。 。 [ 爱心 传递 ]",1,1
3820,"你好 五 月 , 看清 了 人 , 希望 不 算 晚 , 再见 ! 再也 不见 !",0,1
3821,"一 首 歌 一个 人 , 你 想起 了 谁 ?",0,0
3822,"选课 , 怎么 纠结 就 怎么 纠结 吧",3,3
3823,一直 期待 的 结局 啊 …,1,1
3824,起床 吃 早餐,0,0
3825,大 三 不过 如此 … … …,0,5
3826,总 有 那么 几 天 心情 特别 差 的 时候 。 啊 … 你 大爷 的 !,4,2
3827,有 一个 买家 叫 柱 的 宝   哈 哈哈 哈哈,5,5
3828,早 ! [ 抓狂 ],4,4
3829,放学 了 ! 其实 这 每天 的 课 上 的 满 搞笑 ! ! 真 开心,5,5
3830,刚刚 有人 叫 我   小 朋友 [ 浮云 ]   我 嘴角 忍不住 上扬 [ 偷 笑 ],5,5
3831,多 了,0,5
3832,我 想 要 格子 衫 啊 ! ! ! 啊 ! ! !,4,4
3833,你 去 经 二 路 的 奇台 拌面 吧,0,0
3834,"冬天 来 了 , 痒痒 痒痒 痒 。 。 。 。 。 [ 泪 ] [ 生病 ]",2,2
3835,我 妈 让 我 多 上 微 信 去 摇 一 摇 。 。 。 [ 黑线 ],0,2
3836,纠结 了   索尼 还 系 苹果 捏 [ 可怜 ],2,2
3837,土豪 我们 做 朋友 !,0,0
3838,吃 上 就 好 [ 嘻嘻 ] [ 嘻嘻 ],5,5
3839,写字 台 旁边 一定 一定 不能 有 床 一定 一定,0,1
3840,电脑 声卡 出 问题 了 !,3,3
3841,地铁 上 碰上 小孩 撒尿 的 ! 你 妹 的 溅 我 一 脚 后跟 [ 怒 ] [ 怒 ] [ 怒 ],4,4
3842,选修 挂 了 。 。 怎么 破,2,2
3843,天 啊 。 最 痛苦 的 事 要 来 了 、 就是 要 把 手稿 打成 电子 版 文字 。,3,4
3844,我 抉择 了 我 的 路 并 勇敢 承担 它 的 一切 。,0,2
3845,恢复 当中 … … [ 悲伤 ] [ 悲伤 ] [ 悲伤 ],2,2
3846,"隔离 宿舍 日日 煮 , 夜夜 煮 , d 香味 飘 晒 过来 ~ ~ 可恶 !",4,5
3847,现在 啥 橱柜 啥 地砖 地板 好 啊 ?,0,3
3848,"月子 姆 提早 走 了 , 心里 有 一 种 惶恐 , 怕 应付 不 来",3,3
3849,真 他 奶奶 的 生气 ! 没 个 好 了 这 病 !,4,4
3850,加油 ! 我 的 家 ! 海南 ! 陵水 !,1,1
3851,我 今天 的 愿望 是 睡 到 8 点,0,0
3852,期中 考试 全区 最高 712.5 ? ? → _ →,0,2
3853,"今天 只有 4 块 5 , 我 吃 完 早饭 一分 钱 都 没 了 ( )",0,0
3854,有时 候 我们 的 过于 关心 对 别人 来说 是 多管闲事 吗 ? ? ?,2,2
3855,i   hate   the   one   who   is   always   hypocritical ! [ 困 ],3,1
3856,陈   伟   t 标准 丑 脸   不 知道 咋 红 的 [ 汗 ],3,3
3857,感冒 快 跑 [ 喷气 ],0,0
3858,[ 围观 ],0,0
3859,这个 世界 一下 子 就 清净 了 。 。 。 。 [ 得意 地 笑 ],5,5
3860,"以后 再也 不 去 长隆 了 , 太 刺激 了 。",3,3
3861,又 去 张家港 了 [ 泪 ],2,2
3862,"我 要 戒酒 , 我 要 减肥 ~ ! ! !",0,2
3863,      [ 泪 ],2,2
3864,身边 的 人 在 不断 地 消失 !,0,1
3865,睡 不 着 啊 睡 不 着 。 完蛋 了 。 。 。,2,2
3866,逼 自己 狠心 ~ ~ ~,0,1
3867,竟然 天天 加班 [ 泪 ],2,2
3868,"对于 国情 和 现状 , 哥 的 应对 八 个 字 : 学习   掌握   运用   升华",0,3
3869,我 被 发配 了 [ 泪 ] [ 泪 ] [ 泪 ] [ 泪 ],2,2
3870,我 想 你 了 。 上 一 句 是 假 的 。 上 一 句 也 是 假 的 。,0,2
3871,天天 这么 早 睡 早起 是 要 怎样 啊 [ 大哭 ] 学 车 后遗症 么 这 是,3,3
3872,希望 睡 一 觉 起来 就 好 了   病痛 请 远离 我,0,1
3873,"老鹰 茶 ? 名字 蛮 好听 额 , 味道 超级 难 喝 [ 衰 ]",3,1
3874,我 想 喝酒 ! ! ! ! ! ! ! ! ! ! ! ! ! ! ! ! ! ! ! ! !,4,4
3875,"这个 特殊 时刻 , 靠谱 一点 的 国产 品牌 应该 卖力 营销 啊",0,3
3876,"身 未 动 , 心 已 远 [ 浮云 ]",0,2
3877,"破 鼻子 , 又 流血 了 , 闹 那样 啊 [ 抓狂 ] [ 抓狂 ] [ 抓狂 ]",4,3
3878,then   what   am   i   supposed   to   be ?,0,0
3879,点 赞 的 人 你 的 同情 心 喂 下水 道 了 嘛 ?,3,3
3880,于是 我 的 one   x 最后 被 偷 了   这样 也好   一了百了,2,2
3881,今天 很 符合 一 首 歌 。 。 。 。 。 马不停蹄 的 忧伤 。 。 。,2,1
3882,"女神 , 拜拜 了 。 根本 不 靠谱 。",3,3
3883,[ 围观 ],0,0
3884,是 肉体 出轨 可怕 ? 还是 精神 出轨 可怕 ?,3,3
3885,[ 嘻嘻 ] 佷 佐 好 耐 既 四海一家 … 今晚 终于 有 得 实现 了 … 哈哈 …,5,5
3886,天 杀 的   · · 谁 把 我 最后 一个 粽子 吃 了 · · · · · · 我 都 没有 吃,4,2
3887,啊 … … 夏 目 第 四 集 又 哭 惨 了 … …,2,2
3888,广东 输 了 [ 泪 ] [ 泪 ] [ 泪 ],2,2
3889,为什么 一 回来 就 下雨 了 吖 …,0,2
3890,艾玛 哪家 小 帅哥 > 33 < !,1,1
3891,一 熬夜 痘痘 都 跑 出来 ~ 静候 佳音 ~,0,0
3892,"[ 抓狂 ] [ 抓狂 ] 老妈 , 我 实在 无法 跟 你 沟通 。",4,2
3893,"第 一 天 接 更 , 要 加班 , 何时 收工 呢 ,",0,3
3894,追梦 成功 ! ! 现在 就是 永远 ~,5,5
3895,=   = 。 一千 块 的 书 才 卖 了 十三 块 钱   真是 真是 …,0,3
3896,送给 那些 忘不了 的 人 !,4,3
3897,"关灯 , 吃 面 , 流泪",2,3
3898,"请 大家 告诉 我 , 我 现在 能 做 什么 ? 我 快 紧张 死 了",3,2
3899,"突然 好 想 食 猪 屎 焗 番薯 , 边 个 有 ? 依 家 , 高价 收购 !",0,3
3900,啦 啦 啦   回国 的 机票 买 好 啦   好 便宜 啊   哈哈 哈哈,5,5
3901,唉 !,2,2
3902,我 不 开心 。 我 想 哭 。 我 想 回家 。 可是 我 什么 都 做 不到,2,2
3903,我 又 手 贱 了 [ 晕 ] [ 晕 ] [ 可怜 ] [ 可怜 ] [ 汗 ] [ 汗 ],2,2
3904,"上海 很 热 , 心情 很 凉",2,2
3905,"最近 一 到 十点 就 猛 犯困 , 真 不 像 我 啊 …",2,2
3906,公交 车 的 味道 真的 不好 闻 - 臭,3,3
3907,花都 哪里 有 很 腐 很 腐 的 腐女 呢 . . . . .,0,1
3908,大 美女,1,5
3909,人 都 该 学会 复原 的 能力,0,0
3910,"别 吵 , 写 总结 呢 。 。 。 [ g 头晕 ]",3,3
3911,网上 想 买 个 郁金香 好 难 。 。 。 评论 大把 都 说 没 发芽 _ ( : з 」 ∠ ) _,2,2
3912,希望 以后 有 酷炫 的 老 阿姨 角色 这样 我 就 能 重操旧业 了 = 。 =,1,1
3913,妈 的 苹果 史 上 最 烂 app 一定 是 facetime ! ! ! ! ! ! ! ! ! ! !,4,4
3914,放假 以来 最好 的 一个 睡眠 。 好 棒 [ 得意 地 笑 ] [ 好 棒 ],5,1
3915,"准备 调研 , 准备 新 课件",0,5
3916,"心里 难受 ! 可 我 要 更 勇敢 , 不是 吗 ?",2,2
3917,听 陈 奕迅 小 伤感 了 居然,2,4
3918,严重 影响 心情 ! @ # $ % & * ? / shit ! ! !,4,4
3919,"原来 一个 人 系 课室 自习 , 是 有 少 少 恐惧 果 …",0,0
3920,"缅怀 我 那 即将 不过 的 六级 , 以及 那 40 块 钱 的 真题 卷 ! ! !",2,4
3921,"昨儿 没 电 的 手机 , 今天 才 拾 起 充电",0,0
3922,"睇 翻 以前 自己 写 葛 日志 , 感触 - - - 傻逼 一个 [ 汗 ]",3,2
3923,今天 挣 到 了 我 这 学期 的 第 一 桶 金,5,5
3924,"一会 一定 要 大 吃 一 顿 , 把 胃 塞 的 饱饱 的 满满 的 。",5,1
3925,"今天 , 有 那么 一 群 娃 坐在 电脑 面前 沉默 了 一 晚上 . . . [ 衰 ]",2,5
3926,想念 … … ? 这种 感觉 很 奇怪 !,2,2
3927,我 真的 希望 你 立刻 死 掉 。,4,2
3928,粉丝 250 [ 泪 ] [ 泪 ] [ 泪 ],2,2
3929,"看 不 清楚 自己 , 什么 是 想 要 的 。",2,3
3930,再见 ! 北京 !,2,2
3931,"明天 早上 去 麦当劳 , 谁 要",0,0
3932,今天 到底 是 有 几 个 公演   我 好 乱 . . .,0,5
3933,"刚 离开 成都 , 就 地震 了",0,0
3934,"如果 打开 这 扇 门 , 我 可能 就 不会 回来 。",2,0
3935,今天 上班 的 时候 被 风 推 着 跑 啊,0,2
3936,算 钱 神马 的 最 头疼 了 . .,3,3
3937,"立秋 了 , 还是 真 么 热",3,3
3938,"脱 衣服 前 还有 水 , 脱 完 衣服 就 发现 停水 了 , 还要 怎么 背 ! !",4,3
3939,"方便 面 煮 了 之后 真的 很 好吃 , 有 木 有 ?",1,1
3940,哇 今天 竟然 没 课 。 没有 书 读 。 我 又 该 空虚 了 。 。 。,2,2
3941,人 与 人 之间 “ 相 合 ” 才 是 最高 境界,0,0
3942,手动 给 自己 点 [ 蜡烛 ] [ 蜡烛 ] [ 蜡烛 ] [ 蜡烛 ] [ 蜡烛 ],2,2
3943,"昨天 买 了 匹克 跑步 鞋 , 今天 再也 没 理由 不 早起 跑步 了 . . .   . . .",0,2
3944,"晚点 加 客满 , 真是 好运 !",3,3
3945,我 当 小姨 了 ! [ 耶 ] [ 耶 ] [ 耶 ],5,5
3946,"食 到 个 胃 顶住 顶住 添 [ 抓狂 ] 好 辛苦 , 坐 又 吾 系 企 又 吾 系 [ 泪 ]",2,2
3947,"今天 最后 一 次 早 高峰 的 西 二环 南 向 北 , 别 了 拥堵 不堪",0,0
3948,"传说 中 的 10 , 0 , 0 阵型 ?",0,0
3949,《 大 武生 》 、 《 源 代码 》   壹 加 壹 不 等于 贰 ! 嘎嘎 ! 大爱 !,1,1
3950,温网 又 有 新 冠军 诞生 了 。 莎娃 哭 了 。,5,5
3951,专心 泡 网 听 歌 时段 。 还有 比 这 更 美好 的 日子 吗 ?,1,1
3952,擦 . . . 为 毛 哥哥 我 最近 老 掉 粉 呢 . . . . . [ 泪 ]   不 开心 了,2,2
3953,风味 早餐 的 绿豆 汤 和 炒 年糕 差 评 。,3,0
3954,突然 觉得 寒假 过去 了 一半 。 。 。,0,0
3955,要 不要 回 八 所 ? ? ? ? ? ? ? ?,0,0
3956,睇 南极 大陆 喊 到 眼睛 好 痛 … … [ 泪 ] [ 泪 ] [ 泪 ] [ 泪 ] [ 泪 ] [ 泪 ] [ 泪 ],2,2
3957,"么 么 哒 , 我家 滴 小 美女 [ 心 ]",1,5
3958,周一 总是 困 的 不行 …,2,2
3959,"重新 拾 起 专业 , 学习 ing [ 乐乐 ]",5,0
3960,[ 衰 ] [ 汗 ],2,2
3961,终于 折腾 感冒 了 [ 生病 ],2,5
3962,赖 酒 许 说 今晚 要 和 我 一醉方休 [ 睡觉 ],0,0
3963,两 北 不 过夜 真心 累,2,3
3964,"安全 到家 了 , 不 容易 啊 。 。 我 的 伞 真是 可怜",2,2
3965,"明天 要 上班 去 了 , 真心 郁闷 …",3,2
3966,手指 写出 了 一个 坑 ! 好久 没 大 篇幅 写字 了 。 。 。,4,4
3967,"刚 买 好 票 不久 宿务 就 特价 了 , 哭 死",2,2
3968,忆 砂 塘,0,0
3969,"今天 看 了 搜索 , 高 圆圆 很 美 , 晚安 [ 话筒 ]",1,5
3970,我 觉得 我 可能 会 在 下 个 礼拜 三 把 自己 胖 死 。 。 。,2,2
3971,好 想 去 好 想 去 好 想 去 … [ 泪 ] [ 抓狂 ] [ 委屈 ] [ 可怜 ],2,2
3972,"我 以为 我 不会 哭 , 最终 还是 哭 了 ! !",2,2
3973,又 恢复 一个 人 咯 ! ! ! 我 怎么 就 这么 命苦 啊 ! ! !,2,4
3974,"病 了 , 没有 精神 , 也 没有 脾气 了 !",4,3
3975,终于 考 完 最后 一 门 试 了 ! ! ! ! [ ali 转圈 哭 ] [ bobo 抓狂 ],5,2
3976,"一定 要 去 给 肥猪 剃 毛 了 ~ 丫 的 , 一身 跳蚤 !",3,3
3977,什么 ? 孩子 不是 我 的 。 。,0,4
3978,"今天 家长 会 , 挺 烦 的",3,0
3979,"刚 接到 一个 大 case , 给 自己 赞 一个 [ 赞 ]",5,1
3980,看到 jamie   oliver 在 电视 上 做 sichuan   dandan   noodle . . . . . 我 忍不住 转台 了,3,2
3981,晨早 楼 楼 话 我 听 … 竹 苑 无 早餐 食 ?,0,2
3982,我 一直 认为 世界 上 最 棒 的 感觉 是 我 喜欢 的 人 刚好 也 喜欢 我 [ 心 ],1,1
3983,心情 无敌 紧张 ! ! ! ! ! !,2,5
3984,男女 主   长 的 好 抱歉 啊 。 看 不 下去 了,3,3
3985,"迷迷糊糊 醒 了 , 说 声 早安 , 之后 接着 睡",0,3
3986,牙床 还 在 疼   板 烧 鸡腿 堡 很 难 吃,3,3
3987,从 从化 坐车 有 到 大朗 车站 的 车 吗 求解,0,4
3988,考 完 后 有点 迷失 . . . 挺 无聊 的 . 干 什么 都 有点 提 不 起 兴趣 . . .,2,3
3989,我 有 极其 强烈 的 口臭 。,3,1
3990,20151116   新 起点   新 期待,1,1
3991,唉   今天 又 没 中号 。,2,2
3992,[ 哈哈 ] 食堂 辗转反侧 找 座位   中国 人口 真的 是 多 啊 [ 怒 ],4,5
3993,"世界 上 最 动听 的 三 个 字 不是 我 爱 你 , 而是 , 你 瘦 了 ! ! ! !",5,1
3994,"夏天 不行 , 冬天 再 来过 咯",0,3
3995,第 五 张 库鲁姆 [ 嘻嘻 ] 下 一 张 终于 可以 吃 了,5,5
3996,晚安   ~ ~ ~   我 亲爱 地   ! ! !,1,1
3997,这 群 恋爱 中 的 女子 … 智商 全部 都 是 负 的 …,3,3
3998,大鹏 广场 ~ 到 终点 拉,5,5
3999,永远,0,1
4000,真心 觉得 桂林 米粉 好 难 吃 [ 抓狂 ] [ 抓狂 ],3,2
4001,"贵体 欠安 , 各种 不 舒服 [ 泪 ] [ 泪 ] [ 泪 ]",2,2
4002,"爸爸 妈妈 的 一 条 短信 , 一 秒钟 哭 得 七零八落 。",2,2
4003,"就 在 边上 发 围脖 呼叫 , 你 听 得 到 嘛 ?   晚安   呵呵",0,3
4004,就 听 个 1 万 遍 好 了 [ 大哭 ],2,3
4005,"从 凌晨 4 点 一直 忙 到 现在 , 累垮 了 [ 泪 ] [ 泪 ] [ 泪 ] [ 抓狂 ]",2,2
4006,啊 啊 啊 啊 啊 啊 啊 啊 啊 啊 啊 啊 啊 啊 啊 啊 啊 啊 啊 啊 啊 啊 啊 啊 啊,0,3
4007,"我 顶 , 我 忍 , 我 要 坚持 , 大不了 不 睡 了 , 我 要 嬴 !",4,2
4008,"已 入手 2016 上海 f1 看台 票 。 上海 , 明年 见 ! [ 太 开心 ]",5,5
4009,骑 单车 骑 的 浑身 酸痛 [ 打脸 ] 要 瘫 了 [ 打脸 ],2,5
4010,@ 大 菁菁 cynthia   爱 你 爱 你 爱 你 ~ ~ ~,1,1
4011,作死,3,0
4012,今天 我 主持 早 会 郁闷 啊 没 发挥 好 ! [ din 推 撞 ],2,2
4013,奥特曼 打 怪兽 打 了 两 小时 [ 吐 ],3,0
4014,[ 抓狂 ] [ 抓狂 ] [ 抓狂 ] [ 晕 ] [ 晕 ] [ 晕 ],3,3
4015,真 天真 。 。 假 天真 。 。,0,3
4016,"腰肌 劳损 , 脖子 酸 。 。 。 老人 儿 一个",2,0
4017,出发 吧 ! 不要 问 「 考试 」 在 哪 、 、 、 、,0,0
4018,最近 说 的 最多 的 话 就是 : what   do   u   mean . . . [ 汗 ],0,0
4019,"下午 四 点 , 肚子 又 开始 饿 , 忍 住 ! 胖 纸 没有 未来",2,3
4020,出去 玩 的 代价 就是 熬夜 写 报告 [ 泪 ] 一万 字 啊 ! 呜呜,2,2
4021,"不 喜欢 我 的 人 都 从 我 的 世界 里 滚 出去 , 别 老 在 我 眼前 晃悠 !",4,3
4022,居然 坐 反 地铁 ~ 差劲 !,4,4
4023,又 到 了 … …,0,2
4024,"难道 因为 一 件 事情 难 ,   就 假装 它 不 存在 吗 ?   别 看轻 了 自己 !",4,3
4025,"在 淘宝 购物 , 十 次 有 九 次 想 捅 死 自己 [ 泪 ]",2,2
4026,我 对待 人 和 处理 事情 的 方法 可能 都 有点 问题 ~ ~,2,0
4027,"真实 写照 , 自己 家 孩子 的 屎 也 是 香 的 。",3,3
4028,"哇 咔 咔 , 我 的 签证 下来 咯 , 意大利 , 我 来 了 !",5,5
4029,哎 ~ ~ 好运 就 不会 与 我 同在 的 ~ ~,2,1
4030,走 夜 跑 去 。,0,0
4031,痛 !,2,2
4032,"吃 月饼 , 看 李娜 , 喝 昆仑 山 , 按 加多宝 。",5,3
4033,好 冷 啊 万恶 的 冬天 悄悄 的 来 了,3,5
4034,"希望 天 永远 不 亮 , 这样 我 就 不用 起床 , 一直 睡觉 。",0,1
4035,秘密 才 是 难能可贵 的 经过 这次 怎么 夸 都 不为过,5,4
4036,人 在 江湖 漂 ! 哪 能 不 挨 刀 ! 风水 轮流 转 啊 !,5,3
4037,在家 了 哈 。 哇 哈哈 。 可是 好 热 啊,5,5
4038,十亿 票房 和 一句话 的 植入 有 关系 吗 ?,0,0
4039,求 基 友 一起 买 !,0,5
4040,突然 很 想 吃 麻辣 香锅 。 。 。,0,2
4041,to   be   or   not   to   be   ? ? ? ? ? [ 抓狂 ] [ 抓狂 ] [ 抓狂 ],0,2
4042,搬家 的 第 一 周末 还有 两 天 [ 嘻嘻 ],5,5
4043,该 对 音乐 说 再见 了 吗 ?,0,4
4044,我 滴 亲亲 妈咪 要 来 啦   [ 爱 你 ],1,5
4045,"micaps   3.1   调 数据 显示 时 咋 没 响应 呢 , 谁 懂 啊 ? !",4,2
4046,求解   怎么 下 伴唱 歌曲 啊   @ 吃 个 橘子 吃 到 sien,0,3
4047,借 嫩 吉言 哈 [ 挤眼 ] . . .,5,5
4048,不 出来 都 不会 下雨,3,3
4049,"你 安静 , 全 世界 都 安静 。",0,3
4050,求 英语 ab 级 考试 答案 …,0,0
4051,"一 晚上 的 恶心 , , 太 恶心 了",3,3
4052,"原来 做 按摩 一个半 小时 要 用 加班 来 换 , 擦 , 愣是 没 逃 掉 [ 抓狂 ]",3,4
4053,"亲爱 的 们 , 谁 在 玩 和风 物语 啊 啊 啊 , 求 加 邻居 。 给 我 id 吧 ~",0,1
4054,"躺 在 床 上 , 赶快 睡觉 , 晚安 。",1,2
4055,牵牛 的 夏天 。,0,0
4056,天气 好 冻 . 准备 今晚 唔 训 啦 . . 次次 都 冻 醒 [ 泪 ],2,5
4057,又 是 一个 阴雨 绵绵 的 周末 ~ 伤 不 起 啊 ! [ 打 哈气 ],2,2
4058,"我 想 去 旅游 , 我 想 去 九寨 沟",1,2
4059,"泡 温泉 , 舒服",5,5
4060,手机 开 不 了 机 了 [ 挖 鼻 屎 ],0,3
4061,儿子 屁颠屁颠 地 走 起 路 来 了 [ 挖 鼻 屎 ] [ 挖 鼻 屎 ],1,3
4062,那个 抢 出租 车 的 傻逼 。,3,3
4063,居然 改成 闭卷 了 [ 泪 ] [ 泪 ] 这 特 么 还 考 毛线 啊 ! ! ! [ 打脸 ] [ 打脸 ],4,2
4064,既然 第 二 次 遇到 鬼压床 。 [ 泪 ] [ 泪 ],2,2
4065,[ 泪 ] 头疼 [ 泪 ] 嗓子 疼 [ 泪 ],2,2
4066,"明早 要 早起 , 现在 还有 工作 的 一 堆 事情 , 你 真的 想 死",3,3
4067,希望 姥姥 手术 成功 …,0,1
4068,尼玛 。 老娘 没 话 说 了 。,4,4
4069,黄 晓宇 也 有 柔情 的 一面 …,1,0
4070,今天 晚上 洗 冷水 叫 我 情 何以 慷,3,5
4071,明天 零下 二 度 [ 雪 ] [ 雪 ] [ 雪 ] [ 雪 ],0,5
4072,还 在 外面 。 [ 晕 ],0,3
4073,"没有 好吃 的 , 就 当 是 减肥 。",0,3
4074,"心碎 心碎 啊 [ 泪 ]   , 太 令 我 伤心 了",2,2
4075,何苦 让 庸 脂 俗 粉 染 了 这 张 本来 就 不 怎么 好 的 脸 。,3,3
4076,"if1209 又 到 了 2350 , 开 5 手 多 单 。",0,5
4077,好久 好久 没 这么 晚 都 没 睡 了 … … 你 这个 孩子 … … [ 困 ] [ 困 ] [ 困 ],0,2
4078,"相知 , 相恋 , 相爱 , 相 守 , 都 有 个 相 字",1,1
4079,谁 去 看 电影 啊 [ 偷 笑 ],5,5
4080,去 你 妹 的 2013 年 ! ! ! ! !,4,4
4081,大 魔术 师 到底 上映 没有,0,3
4082,"灾区 的 娃儿 好 可怜 , 吃 的 都 是 捐赠 的 国产 奶粉 ~ [ 泪 ]",2,2
4083,不 开心 。,2,5
4084,"喝 了 包 碧生源 减肥 茶 , 这 家伙 把 我 给 拉 的 , 人 都 虚脱 了 . . .",2,3
4085,[ 馋嘴 ],0,5
4086,猫 拧 ! 真是 天 凉 好 个 秋 啊 。 。 。 [ 落叶 ],1,2
4087,我 只是   突然 的   想 你 了,1,2
4088,雨花 的 菜品 还 可以,1,0
4089,阳江 ~ ~ ~ 我 走 了   [ 泪 ]   [ 泪 ]   [ 泪 ],2,2
4090,"幸福 额度 : 我 不 哭 不 闹 , 不 代表 我 不 痛 . 是 因为 , 我 真的 爱 他 ! !",2,2
4091,我 好 想 把 有的 人 拉 黑 哟 ! 憋得慌 ! ! ! ! [ 抓狂 ] [ 抓狂 ] [ 抓狂 ],4,4
4092,农历 十 月 初十 [ 礼花 ],0,5
4093,过 几 个 小时 又 要 上班 了 _ ( : 3 」 ∠ ) _,2,0
4094,"决定 了 , 今晚 找 个 兼职 去去 躁动 的 心 … …",0,2
4095,"不能 吐槽 的 人生 好 憋屈 , 开会 又 拖堂 鸟 … … [ 挖 鼻 屎 ]",2,2
4096,今天 终于 让 自助 餐 赚 了 我 一 回 ~ ~ 哈哈 ~ ~,5,5
4097,操 !,4,4
4098,"女士 们 , 先生 们 , 节日 快乐",5,1
4099,e [ 围观 ],0,0
4100,从来 没有 像 今天 这样 畏惧 周末 的 到来,2,0
4101,当头一棒 的 感觉 。,2,5
4102,我 恨 你们 [ 拜拜 ] 我 也 要 去 撸 碟 了 … …,3,2
4103,眼泪 还是 落下 了 、 你 值得 我 昀 眼泪 !,2,2
4104,"介 几 天 大爱 《 夜会 》 , 随时随地 在 哼哼 … …",1,0
4105,"放心 , 这种 挑衅 我 还 扛 的 住 , 姐姐 我 已经 被 磨练 出来 了 …",0,2
4106,希望 上天 给 我 力量 让 我 快点 睡着 !,2,1
4107,我 好 难过 [ 悲伤 ] [ 悲伤 ] [ 悲伤 ],2,2
4108,"等 你 回来 陪 我 看 哈哈 , 死 gay",5,5
4109,vpn 掉 得 . . . 简直 不能 忍,3,3
4110,只 为 你   因为 喜欢 才 会 … 喜欢 有 你 在 身边 的 感觉   很 有 安全 感,1,1
4111,"训 唔 着 , 落 去 买 几 支 酒 治疗 失眠 , 好 办法 咧 。 。",2,2
4112,i ' m   tired .,3,1
4113,"稳 食 真 系 好 艰难 , 幸运 的 是 有 美人 傍 住 ! ! !",1,1
4114,对 @ 禾 子 慧   说 : 这次 的 头像 真是 傻 到 不行 [ 奥特曼 ]   [ 奥特曼 ],3,5
4115,"现在 才 知道 , 黑龙江 这个 地方 有 多 落后 … …",3,0
4116,会员 有 好处 吧 ! ! !,5,1
4117,烤鱼 也 好吃,1,1
4118,亚 死 啊 啊 啊 啊 啊 啊 啊 啊 啊 啊 啊 啊 啊 啊 啊 啊 啊 啊 啊 。 [ 抓狂 ],3,3
4119,可以 开 云吞 档 咯 … … 熟人 买 一 送 一,5,5
4120,"男儿 秋裤 不 轻 穿 , 只因 未 到 冻 蛋 时 !",0,2
4121,左旋肉碱 到底 有 用 没 啊 ? 求解,0,4
4122,"早晨 不 想 起床 , 自己 在 被窝 里 舔 胳膊 玩 。 。",0,2
4123,去 你 妹 ! ~ ~ ~ 嗯 嗯 ~ ~ ~ 淡定 。 。 。 。 我 淡定 你 妹 啊 ! ~,4,2
4124,原来 我 是 个 愤青 。 [ 帅 ] [ 奥特曼 ],0,5
4125,"饭后 谈到 一个 严峻 话题 , 我 究竟 去 吾 去 学 车 好 ? !",0,2
4126,仲 有 半 个 钟 就 十八 岁 喇 ! [ 蛋糕 ],5,0
4127,好 冷 ! 又 到 了 手脚 冰凉 的 时候 [ 悲伤 ] [ 悲伤 ] [ 泪 ] [ 泪 ],2,2
4128,呢 两 日 个 肚 都 唔 知 乜 问题 ! [ 挖 鼻 屎 ] 似 痛 非 痛 ! 难受 ! [ 泪 ],2,2
4129,"@ tendert   同学 , 今天 100 周年 校庆 , 知 否 ?",0,0
4130,终于 到 了 . . . . . . 最 苦 逼 的 采访 [ 汗 ] [ 汗 ] [ 汗 ],2,5
4131,身心 疲惫 。,2,0
4132,"我 选 哪 条 路 , 哪 条 路 就 堵车 。 shit !",3,4
4133,"心事 那么 多 , 压 的 心里 沉甸甸 的",2,1
4134,熟悉 的 广州 地铁 !,1,4
4135,之后 到 无比 滴 和 眼 药水 哦 ~ ~,0,5
4136,道 不同   不相为谋   其实   就 这么 简单,0,0
4137,good   luck !,1,1
4138,陈 茵薇 都 几 型,0,0
4139,"晚安 , 累 到 不行 了 [ 困 ]",2,2
4140,太 聪明 往往 还是 会 寂寞,2,2
4141,在 这样 下去 会 死 人 的 … … 睡觉 … …,3,2
4142,当 了 妈 才 真正 感受 到 有 几 唔 容易 … [ 打 哈气 ] [ 打 哈气 ] [ 打 哈气 ],0,4
4143,"好 吧 , 我 又 忍不住 腐败 了",0,5
4144,我家 小区 停电 了 [ 泪 ],2,2
4145,"穿 了 这么 多 天 高跟 鞋 , 脚 肿 了 … …",2,2
4146,心 要 多 大 才 能 看 淡 一切 [ 问号 ] 出家 去 有人 收 么 [ 问号 ],0,5
4147,"我们 都 是 秦朝 人 , 可惜 这里 没有 大泽 乡 [ 微笑 ]",2,2
4148,吃亏 就是 占 便宜 整个 就是 句 狗 p   鉴定 完毕   睡觉,3,4
4149,"今日 六点三 出发 , 开 摩托 车 入 小 隐 , 一 啲 都 唔 塞",0,1
4150,[ 给 力 ] [ 威武 ],5,1
4151,不 开心 [ 泪 ] [ 失望 ],2,2
4152,"我 结 , 哈哈 , 还 不错 啦 !",5,5
4153,每日 一带 ~ 李炜,0,0
4154,"天 若 有情 天 亦 老 , 没事 儿 我 就 吃 个 枣 !",5,4
4155,放风 [ 偷 笑 ] [ 偷 笑 ] [ 偷 笑 ],5,5
4156,"第 一 次 当 伴娘 , 激动 shi 了 ! ! ! [ 害羞 ] [ 害羞 ] [ 害羞 ]",5,5
4157,"电闪雷鸣 , 独自 在家 看 倩女 幽魂 . . . . . .",2,1
4158,"是 谁 扰乱 了 我 ? 外面 的 风声 好 大 , 哗啦 哗啦 的 , 真 吓人 !",3,3
4159,奶茶 好好 喝 哦 ! ! ! [ 馋嘴 ] [ 馋嘴 ] [ 馋嘴 ],5,5
4160,厨房 那种 味道   呛 到 我 喉咙 疼   哎 . . . 没 办法   只能 撑 下去,3,2
4161,biu ~ biu ~ biubiu ~ biubiu ~ biu ~ b ~ iu ~ biubiu ~ ~ ~ ~ ~ ~ ~ ~ ~ biu,0,5
4162,吴 彦祖 。 生日 快乐 。,1,1
4163,回家 后   我 要 天天 开 着 我 的 车   到处 宵夜 ! ! !,5,4
4164,"你们 过 好 你们 的 平安夜 , 我 给 你们 保 平安",0,5
4165,"开始 找 婚庆 , 头疼 [ 悲伤 ] [ 悲伤 ]",2,2
4166,好 大 的 雪 … … 冷 ~,2,5
4167,还是 比熊 好 !,1,1
4168,电算 化 你 终于 同 我 收皮 咯 … [ 酷 ],0,5
4169,"放下 一些 感受 , clear   your   heart ~ ~ 各位 超龄 儿童 , 节日 快乐 !",5,1
4170,肥 到 无 了 谱   祈求 上天 还 我 120 斤 身材,0,4
4171,请问 x-box 点 玩 老 翻,0,3
4172,"老婆 突然 发 高烧 , 出来 陪 她 吊 水中 …",2,2
4173,压力 大 . [ 委屈 ],2,2
4174,连同 屋 的 女生 都 走 了   太 无聊 了   还有 漫长 的 5 个 小时,3,3
4175,"沈阳 零下 14 , 广州 24 。 怎么 理 箱子 ? [ 思考 ]",0,3
4176,"[ 右 哼哼 ] 这 一 睡 下去 , 再 醒来 就是 世界 末日 了 [ 左 哼哼 ]",0,3
4177,"小 宝宝 满月 了 , 健康 平安 !",1,1
4178,"咪咪 , 生日 快乐 [ 蛋糕 ] , 锡 晒 你   @ 蜜蜂 yiyi",1,1
4179,"这 大半 夜 的 , 我 居然 饿死 了 。 话 说 我 其实 晚饭 没 吃 饱 …",2,2
4180,难得 感 早 起床 … … [ 挖 鼻 屎 ],0,0
4181,"放弃 , 也 很 痛苦",2,2
4182,不知不觉 间 … 其实 失去 的 挺 多 的 … … 闹心 … …,2,2
4183,其实 我 只是 不说 你   不是 我 傻,0,2
4184,肚 痛 。 我 还是 早点 睡 吧 。 安 。 [ 月亮 ],2,2
4185,"放心 , 迟早 会 遭到 报应 的 !",4,1
4186,"劲 头痛 , 郁 都 唔 敢 郁 . . . . . . .",2,1
4187,@ ms_mjj   @ yukioyeung   听 日 想 几 点 出来 啊 ? [ ala 啊 哈哈哈 ],0,3
4188,我 知道 我 有时 候 很 不 称职   @ _ _ 小小 园,2,2
4189,"如果 拍 毕业 照 时 每个 人 都 穿 背心 , 那 会 很 有趣 的",5,1
4190,今天 心情 极度 糟糕 … …,2,5
4191,哈利 值得 3d 不 ?,0,0
4192,"才 八点 钟 便 死 一般 寂静 , 太 夸张 了 吧 ? ! [ 抓狂 ]",3,3
4193,没 人 保护 、 唯有 自己 坚强,2,0
4194,失眠 真的 好 痛苦 ~ 求求 你 快点 令 我 睡着 吧 ~ [ 抓狂 ] [ 泪 ] [ 泪 ] [ 钟 ],2,2
4195,[ 流星 ] 晚上 好   聊聊,0,5
4196,"以前 是 得 不到 , 现在 是 不 想 要 了 … …",2,3
4197,有的 时候   我 会 想   这 花 了 我 多少 的 运气 。,2,2
4198,"下雨 后 的 地 好 滑 ! 尼玛 , 摔 得 好 结实 [ 泪 ]",2,2
4199,小米 最近 很 火 啊,0,3
4200,"妈妈 的 一通 电话 , 带 点 暖意 , 带 点 湿润 ~",1,3
4201,这 是 鸡蛋 煎饼 吧,0,1
4202,在 帐篷 里 听 唱 好 声音   看 烟花,0,1
4203,现在 还有 真 爱 吗 ? [ 衰 ] [ 衰 ],2,2
4204,机械 工程 你 就 坑 我 吧 [ 挖 鼻 屎 ] [ 挖 鼻 屎 ] [ 挖 鼻 屎 ],3,3
4205,"军营 第 二 天 , 盾牌 操 , 悲 催 [ 拳头 ]",2,2
4206,"哎唷 , 原来 大家 都 是 早 睡 早起 的 好 青年 。 早安 各位 。 [ 太阳 ]",5,5
4208,亲 们 注意 保暖 。,0,0
4209,[ 哈哈 ] [ 哈哈 ] 413   + 4,5,5
4210,东堂 和 卷 岛 真的 能 去 结婚 了 … …,1,1
4211,今天 不 加班 !,5,0
4212,"公司 大厦 中央 冷气 坏 咗 , 热 傻 人 啦 [ 晕 ] [ 黑线 ]",3,3
4213,爸爸 舍 不得 宝贝 抽 那么 多 血 。 。 宝贝 逃 过 一 劫 。 。 。 [ 衰 ],2,2
4214,无家可归 的 人儿 吖 、 流浪 街头 吧 [ 泪 ],2,2
4215,"来 工厂 , 每 周三 都 会 吃 面条 。 连续 这 3 周 , 我 都 吃 的 想 吐 [ 泪 ]",3,2
4216,真正 是 恶心 [ 怒 ] [ 吐 ],3,4
4217,真 他 妈的 xxx,4,4
4218,有点 。 。 。 落寞 ? !,2,2
4219,"擦 , 隐形 眼镜 忘记 带 了 。 。 。 [ 泪 ] [ 泪 ] [ 泪 ]",2,2
4220,做 了 一个 艰难 的 决定 : 今晚 还是 去 上课 吧 。 。,0,0
4221,"为什么 醒 了 , 头 这么 疼 ?",3,3
4222,"戒 口 了 , 上火 , 口腔 发炎 , 今晚 才 洗 了 牙 , 满嘴 鲜血 [ 大哭 ]",2,2
4223,跟 鬼佬 打 了 30 分钟 的 电话 才 把 电脑 修好 ! ! 这 也 太 累 了 吧 ! !,3,3
4224,有 治 头痛 的 方法 或 名医 推荐 吗,1,1
4225,"生病 就是 痛苦 , 所以 身体 健康 第 一 , 赚钱 第 二 。",0,0
4226,"10.30 。 世事 变迁 。 下雨 , 降温 。 2012 的 冬天 , 来 了 。",2,3
4227,"秀 中 校庆 都 不 好玩 的 , 纯粹 为了 拿 纪念 品",3,0
4228,"感冒 每逢 晚上 训觉 最 辛苦 , so 鼻塞 [ 泪 ] [ 抓狂 ]",2,2
4229,呜呜 呜 ~ ~ 又 要 跌 钱 落 咸水 海 ~ ~,2,2
4230,我 什么 时候 才 能 醉 啊 ?,2,2
4231,"正经 脸 , 我 要 学 ps , 来人 , 战 ! ! ! ! !",1,1
4232,"吃 了 含有 nh3 的 油条 , 不 爽",3,3
4233,"高山 之 恋 在 香格里拉 取景 , 林海 旅馆 不 知道 是否 真 有 ?",1,3
4234,207 塌 墙 惨案 … … … … … … [ 蜡烛 ],2,2
4235,最近 公司 怎么 这么 热 啊 ~   ~,3,3
4236,"又 是 个 找 董事 长 的 , 且 还是 前任 董事 长 [ 衰 ]",3,3
4237,有 一 种 累 得 快 昏倒 的 感觉 ~ ~ ~ ~,5,5
4238,"果然 我 不 适合 玩 dl 这 类 的 游戏 , 怎么 办 我 现在 好 想 虐 人 啊 … …",3,2
4239,"终于 等到 你 的 感觉 , 追 剧 不易 呀 [ 噢 耶 ]",5,5
4240,真正 的 无 痕 接发 ! 石家庄 聚 美名 轩 大家 约 起来 吧,0,0
4241,我 真的 . . . 不 想 再 纠缠 了 . . . 一切 都 是 我 的 错 . . .,2,2
4242,"公司 福利 太 好 了   这里 的 人 除了 吃 还是 吃   , 哎",1,3
4243,"3   weeks ,   back [ 蹭 ]",0,0
4244,"一 碗 云吞 面 , 一 天 新 生活",0,0
4245,买 件 衣服 刷 掉 我 1149 要命 了 。,2,2
4246,真的 要 戒 肉   油炸 食物,0,0
4247,南航 够 了 啊   取消 这么 多 航班   还要 不要 人 活,4,3
4248,只有 我 一个 人 觉得 杨洋 演技 尴尬 么   别 喷 千万 别 喷,3,3
4249,"人 需要 的 是 忘记 失去 的 , 感激 拥有 的 , 和 期待 将 至 的 。",0,0
4250,"牢牢 记住 的 人 不 只是 你 , 投入 过 了",0,0
4251,"如果 曼城 输 了 , 那么 整个 故事 就 完美 了 [ 奥特曼 ]",2,1
4252,"今晚 想 去 行 街 , 谁 愿意 同行 ? [ 嘻嘻 ]",5,5
4253,"@ 小 仕 爸爸   亲爱 的 孩 纸 他 爸 , 祝 你 29 岁 生日 快乐 ! [ 蛋糕 ]",1,1
4254,"不是 要 河蟹 了 嘛 , 怎么 还 强 退 qq 呢 , 企鹅 要 闹 到 什么 时候 ?",3,3
4255,哈哈   终于 被 广大 土木 录取 了   开心   以后 我 要 当 工程 师 了,5,5
4256,我 比 你 更 希望 我 有 那么 喜欢 你 。,1,1
4257,[ 爱心 传递 ] 拒绝 吃 狗肉 。,3,1
4258,"堵 成 一 碗 拉面 的 三 官 堂 , 真 让 我 感叹 走路 上下 班 , 就是 福",2,1
4259,五一三 日 假期 贡献 比 kfc 了,0,0
4260,"这个 泼 太阳 , 热 死 人 了 。",3,3
4261,"时间 真是 过 的 又 慢 又 快 , 又 老 一 岁 了",2,2
4262,"从 今天 起 , 再也 不 如此 地 喝酒 … … [ 咖啡 ]",2,2
4263,say   hello   to   this   new   day ~ 很 久 没有 在家 都 这么 早 起 了,5,2
4264,我 只是 想 找 个 人 陪 我 吃 冰激凌 . . .,2,2
4265,2510 开 5 手 多 单 。,0,0
4266,"超 成都 去 , , , , , @ 我 想 我 是 你 的 永恒 宝贝 _ ssy   @ 阿惠 铁塔 梦",1,1
4267,好久 才 能 瘦 [ 挖 鼻 ] [ 挖 鼻 ],2,0
4268,"今天 是 个 好 日子 , 祝 朋友 们 6.18 !",5,5
4269,"准备 辞职 , 再 要 找 工作 了 。",3,3
4270,天 养 残疾 人 ! [ 鄙视 ],3,3
4271,"今天 养 了 只 小 龟 , 起 名字 叫 小 绿 , 吃 肉饼 了 , 小 绿 ~ ~ ~ [ 来 ]",5,5
4272,"回到 学校 , 感觉 不错 , 哈哈 ,",5,5
4273,"目睹 一 怪 怪 蜀黍 火车 上 勾引 俩 小 姑娘 成功 , , ,",3,1
4274,这 学期 去 学 要 穷 惨 了 [ 泪 ] [ 生病 ] [ 伤心 ],2,2
4275,"man   proposes   ,   god   disposes   .",2,0
4276,"找 个 人 来 爱 我 , 我 害怕 寂寞 , 一个 人 睡 , 我 觉得 很 冷 . . . .",2,2
4277,"有些 人 是 真心 , 有些 人 只是 鸡 晶 , 喝喝 。 收皮 啦 。",3,3
4278,头先 执 衫   数 hel 数   原来 我 有 十六 套 球衣   好多 都 系 曼联 tim,5,5
4279,买 的 xl 会员 怎么 老是 高速 下载 通道 进入 失败 ! ! ! 摔 ! ! !,4,4
4280,纽 百伦 情侣 鞋 我 喜欢 [ 心 ],1,1
4281,我 的 大叔   你 在 哪里   什么 时候 出现 。 我 等 着 你 接 我 走 。,2,2
4282,好 纠结 要 不要 出门 买 mozzarella … 要不然 光 吃 草 好 没劲 …,2,2
4283,1111111111,0,0
4284,"实践 证明 , 吃 饱 有利于 增强 信心",0,0
4285,家教 的 时候 小 盆 友 不 给 力 有 神马 好 办法,0,1
4286,206 班 了 。 。,0,0
4287,在 看 福尔摩斯 [ 爱 你 ],1,1
4288,还有 两 个 小时 ! [ 可怜 ],2,2
4289,《 城市 猎人 》 貌似 还 不错 了 。,1,1
4290,"崩溃 中 , 各种 不 爽 ! ! !",4,4
4291,有 无人 食 过 kfc 的 饭 阿 ?,0,0
4292,""" 你 喜欢 他 什么 ? ""   "" 只要 看到 他 就 会 觉得 很 高兴   """,1,1
4293,很 受伤 [ 心碎 ],2,5
4294,又 开始 进入 循环 作 大 死 模式,4,4
4295,今天 晚上 幸运 的 存活 了 下来,5,5
4296,"为何 要 咁 辛苦 ? ?   喺 咯 , ,   囿 时 都 唔 知 为 乜 啊 . .   .",2,2
4297,有 偏 头疼 的 人 嘛 ? ?,0,3
4298,"天王 山 之 战 都 输 了 , @ 莫 雄凯   你 还 不 打算 请 吃 宵夜 ? [ 偷 笑 ]",5,5
4299,"很早 就 到 了 医院 , 估计 要 等到 中午 才 能 有 病房",3,3
4300,平淡 如 水 地 生活 。 晚安 。,0,0
4301,"家务 缠身 , 唉 ~ [ 泪 ]",2,2
4302,oh   yeah   ! 男人 信 什么,5,4
4303,"打滚 , 打滚 ,   不要 上班 不要 上班 [ 伤心 ]",2,2
4304,"谁 能 告 我 电脑 突然 自动 关闭 , 再也 打 不 开 了 , 是 哪儿 出错 ?",4,4
4305,知道 的 都 倒闭 了 [ 汗 ],2,2
4306,我 好 饿 [ 泪 ],2,2
4307,叙事 三 接近 半 成品 ! [ 浮云 ],0,0
4308,"从来 不 在乎 父亲 节 母亲 节 的 我 , 是 不是 薄情 薄义 了 呢 ? [ 汗 ]",2,2
4309,"在外 游荡 一 天 , 无色 滋味 , 回家 围脖 瓶 邪 回归 自我",2,2
4310,"突然 的 突然 , 我 想 结婚 了 . … …",2,2
4311,[ 哈哈 ] 女人 们 ! 你们 还有 58 分钟 享受 你们 的 特权 ! [ 酷 ],5,5
4312,"[ 泪 ] [ 泪 ] 第 一 科考 民法 , 不够 时间 做 啊 ! 我 吾 制 啊 , 我 记得 架",2,2
4313,北京 怎么 了 ? [ 吃惊 ] [ 吃惊 ] 什么 情况 ?,0,3
4314,"杭州 公交 一日游 , 悲剧 [ 抓狂 ]",2,2
4315,我 准备 干 一 件 事,0,4
4316,胃 又 吾 舒服 [ 泪 ] [ 泪 ],2,2
4317,每晚 最 不 愿意 面对 的 事 就是 . . . . . . . . . . 洗 衣服 [ 泪 ] [ 泪 ] [ 泪 ],2,2
4318,got   stuck . [ 生病 ],2,2
4319,"清远 , 看似 离家 近 了 , 却 还是 很 远 ~",2,2
4320,现在 过 得 这 根本 就 不是 日子 …,3,3
4321,为什么 我 是 一个 这么 不 完美 的 人 ? ! 因为 我 还 活着 。,2,2
4322,咋 就 没有 咸 柑桔 呢 ? 害 哥 买 了 花旗参 蜜 · · · · · 苦 的 · · · ·,2,2
4323,「 我 一直 爱 着 你 」,1,1
4324,"自习 姐 , 使 唔 使 换 2 次 课室 啊 ? t   t   rp 啊 … …",3,2
4325,正在 电视 上 看 花 千 骨 第 一 集 [ doge ],5,5
4326,有人 大半 夜 无聊 到 玩 捕鱼 达人 的 吗,2,4
4327,"唔 经 唔 觉 我 已经 发 左 3127 条 围脖 , 乜 我 甘 多 野 讲 的 咩 ~ ~ ~",2,2
4328,"到 学校 了 , 没 网络 。",2,2
4329,"小毅 , 一 周岁 了 。 爸爸 祝 你 生日 快乐 。 [ 蛋糕 ]",1,1
4330,iphone   也 有 捞 鱼 游戏 啦 。 哈哈 !,5,5
4331,真 tm 折磨 阿 。 。 回 趟 家 真 不 容易 阿,3,2
4332,七 年 没有 在 家里 过 过 中秋 了 。 。 。 。,2,0
4333,为啥 最近 总是 每 到 六点 就 自然 醒 ?,3,0
4334,又 是 血压 高   哎   怎么 办 呢,2,3
4335,好 男儿 ? [ 晕 ],3,2
4336,咳 死 了 . . . . . . . 嗓子 也 哑 了 . . . 伐 开心,2,5
4337,"冒泡 冒泡   没 , 流量 。 。 蒸 … 烦恼",2,2
4338,"买不起 nike 买 lining , 买不起 levis 买 yishon [ 睡觉 ]",2,0
4339,"哎 , , 女人 真 喜欢 那么 口是心非 么 ? ? ? [ 思考 ]",3,3
4340,明天 啊 ! ! ! 好 紧张 啊 ! ! !,1,1
4341,iebook 我 讨厌 你 ! ! ! ! ! [ 怒 ],4,4
4342,"绝杀 与 反 绝杀 , c罗 这 球 传 的 有 菲戈 风范 啊 [ 太 开心 ]",5,1
4343,我 求 这个 星期 平安 度过 [ 祈祷 ],1,1
4344,苏   芮 对 着 男 的 倒是 笑 的 挺 开心 。 。,3,5
4345,并不 能 反手 摸 肚脐 [ 拜拜 ] 还 差 三 厘米 。 。 。 。 。 。 。,2,0
4346,我 的 小 表弟 长 的 真是 出落 ^   ^,1,5
4347,[ 围观 ],0,0
4348,下 个 星期 天 回 学校   不 开心 ! !,2,5
4349,"看 my   name   is   khan , 我 哭 死 了 ! !",2,2
4350,今天 是 年 初四 哦 … … 测试 是 不是 真 爱 的 时间 到 了 !,0,5
4351,"昨天 手机 因 欠费 停机 了 , 否则 … …",2,0
4352,[ 馋嘴 ],1,5
4353,"吓 尿 了 , 差点 夹 地铁 门 里",3,3
4354,雨声 之 大 让 人 有 一 种 毛骨悚然 的 感觉 ! 2012 要 来 了 ! [ 思考 ],3,1
4355,我 哭 了 ! 一直 支持 你 ! [ 爱 你 ] [ 爱 你 ],1,1
4356,暂停 了 ~ ~ ~ 我 靠 ~ !,4,5
4357,不 高兴 了 。 睡觉 。,2,0
4358,"市场 在 一步步 按照 预期 当中 的 剧本 进行 , 枯燥 乏味 的 等待 !",3,1
4359,"被 水 堵 在 路上 , 前进 不得 , 后退 不得 , 心烦 啊 啊 啊 [ 抓狂 ]",3,3
4360,研究 生 证 不 享受 门票 学生 优惠 。 。 。 为 毛 啊,3,3
4361,上火   如此 难受,3,2
4362,"不要 为 你 没有 的 东西 发愁 , 先 要 以 你 已有 的 为 乐 !",0,3
4363,"今天 计划 徒步 的 , 结果 发烧 了 。 nnd",4,0
4364,第 一 次 吃 辣 野 吃 到 唇 肿 [ 晕 ],2,5
4365,勇 往 南区 医院 查 堪 去 ! 希望 一切 顺 顺利 利 … [ 威武 ] [ 心 ],1,1
4366,落枕 啦 !,3,5
4367,今天 的 计划 是 : 在 床 上 躺 一 天,0,0
4368,需要 动力 啊 [ 泪 ] 快 来 啊,2,2
4369,"哦 耶 , 下午 放假   了 , 提前 过 妇女 节 , 证明 老 了 [ 吃惊 ] [ 黑线 ]",5,5
4370,"初恋 这 件 小事 , 怎么 让 人 心 那么 伤",2,2
4371,我 就 不 相信 一个 小小 的 倒 桩 问题 还 能 把 我 难 住 [ 哼 ],4,4
4372,"没有 我 的 日子 里 , 你 有 珍惜 你 自己 !",1,1
4373,"我 要 坐 火车 了 , 保佑 我 吧 !",1,1
4374,"呃 , 此刻 的 我 多么 希望 是 一汽 大众 的 员工 呀 。 。 。 63 薪 呀 !",1,1
4375,"香格里拉 待 两 天 , 明天 去 的 地方 海拔 3500 +",1,1
4376,变 摇 号 了 ! 你 当 买 彩票 阿 ! ! ! [ 哼 ] [ 抓狂 ],3,2
4377,"又 一个 1122 。 拾 起 赤子 般的 热忱 , 不要 畏惧 。",1,3
4378,低烧 是 会 呼吸 的 痛 … … …,2,2
4379,热情 征 女 朋友 一 名 ! ! !,1,1
4380,杭州 这边 的 被窝 是 冷 的 [ 泪 ] [ 泪 ],2,2
4381,"今天 击 昏 的 人 咋 那么 多 ! ! ! 哦 , 对不起 , 结婚 ! [ 奥特曼 ]",1,1
4382,第 三 次 了 。 。 。 [ 微笑 ] 你们 两 想 怎样 啦 [ 微笑 ],3,5
4383,"加班 有时 也 不错 , 一路 地铁 都 有 座 [ 嘻嘻 ]",5,5
4384,[ 心 ] ~ fly   me   to   the   moon ~ [ 心 ],5,5
4385,果然 住 7 楼 。 。 。,0,0
4386,"应该 做 g13 的 , 要 在 济南 西 等 两 个 小时 , 我 真的 好 13 啊 …",3,2
4387,回 老家 ~ ~,5,5
4388,一 周 的 工作 结束 。 调整 好 迎接 繁忙 的 下周 [ 做 鬼脸 ],5,5
4389,胸口 压块 儿 石头 一样   为什么 什么 都 不顺 呢,3,3
4390,不 知道 为什么 我 就是 超 喜欢 吃 面包 。 [ 懒得 理 你 ] [ 思考 ],1,3
4391,"我们 毕业 了 , 高考 他 就 改革 了 ~",3,3
4392,"边 个 想 要 天虹 电影 非 , 33 文 张 。 任 看 什么 电影 , 2d , 3d 都 得 。",0,3
4393,"在 东直 门 参加 金碟 培训 , 版本 果然 比 我们 用 的 高 几 个 级别 。",1,1
4394,"才 9:45 , 我 肚子 已经 饿 的 咕咕 叫 了",2,2
4395,"我 原来 是 讨厌 一个 人 , 现在 是 讨厌 两 个 人 了",3,3
4396,肠胃 宣布 系统 彻底 崩溃 [ 拜拜 ] [ 拜拜 ] [ 拜拜 ],2,5
4397,睡 咯 睡 咯 ! 不 早 咯 ! [ 风扇 ],5,5
4398,我 刷 屏 刷 的 想 睡觉 ~ ~ ~ ~ [ 睡觉 ],3,5
4399,facetime 是 个 好 功能,1,1
4400,"七 月 七 日 , 雨 。 。 [ 微风 ] [ 浮云 ]",0,0
4401,go   back   school,0,0
4402,"带 我 实习 的 老师 一 周四 天 不能 在 学校 , 我 居然 很 开心 · · ·",1,2
4403,心情 不 爽 ! ! 今晚 去 看 通宵 电影 !   谁 玩 感情 谁 完蛋,3,5
4404,今天 下午 考试 。 数学 悲剧 了 。,2,2
4405,交 的 团费 都 去 哪里 了 [ 怒 ],4,4
4406,给 我 下 一 集 《 开讲 啦 》 的 具体 日期 [ 悲 催 ],2,5
4407,今天 心情 怪怪 的,0,5
4408,"10 月 , 离职 季 , 好多 人 走 了",2,2
4409,有钱 的 话 是否 能 帮 著 抢 票 呢 ?,0,0
4410,今天 只 吃 了 两 片 面包   怎么 还 有点 饱 啊,5,4
4411,我 在 : # 巴黎 贝 甜 ( 欧阳 店 ) #   [ 呵呵 ],5,5
4412,卒然 临 之 而 不 惊   无故 加之 而 不 怒,0,3
4413,对不起 … … 忘记 你 我 做 不到 … …,1,2
4414,"2010 年 拉屎 地 , 中午 继续 代 班 主持 《 快活 多 一点 》",0,0
4415,"夏天 , 我们 一起 到 海边 走走 吧 。",5,5
4416,"现在 不 想 睡觉 , 明天 不 想 上班 ! [ 崩溃 ] [ 惊恐 ] [ 大哭 ] [ 闭眼 ]",2,2
4417,重 来 吗,2,4
4418,"猫 了 个 咪 的 , 没 一 件 顺心 的 事情 , 烦 死 了",3,3
4419,多 希望 我 也 能 是 个 话 痨 啊 [ 失望 ],2,1
4420,"念 家 , 思亲 , 辗转 , 惆怅 ! 赶紧 睡着 迎接 明天 吧 !",2,1
4421,来 了 一 堆 新人 啊 !,5,4
4422,"节奏 不 对 呀 [ 泪 ] [ 泪 ] [ 抓狂 ] , 求 [ 甩 甩手 ] [ 甩 甩手 ] [ 甩 甩手 ]",2,2
4423,"我 最 讨厌 的 事儿 就是 感冒 , 没有 之 一 ! [ 晕 ] [ 睡觉 ]",3,3
4424,躺 了 三 个 小时 没 睡着 · · · · · · 坑 爹 啊 · · · · ·,3,3
4425,"又 几 条 寡 佬 , 都 系 弊",4,2
4426,"六 级 感觉 不是 很 难 , 应该 差 几百 分 就 能 通过 了 。",2,3
4427,"真 难受 … 喝 多 了 不说 , 还 感冒 了 … 还 发烧 了 …",2,3
4428,"学生 生涯 最后 一个 暑假 , 过 得 如此 不 爽 。 。 。",3,2
4429,"王者 之 剑 睇 完 , 疯狂 的 蠢 贼 开场 啦 [ 奥特曼 ]",5,5
4430,"亲 , 要 深知 林家 的 女儿 是 条 强悍 货 [ 给 力 ] [ 心 ] @ 艾 诗琳 ashlyn",1,1
4431,呃   我 室友 打 起来 了   有时 真 觉得 谈 恋爱 好 麻烦 … …,3,2
4432,"吃 完 营养 餐 , 再 加 根 冰淇淋 !   哈哈 , 好 爽 !",5,5
4433,为了 这 份 工作 我 快要 烦 死 了 ! ! ! !,4,4
4434,"看来 是 太 久 没 运动 , 去 个 图书 馆 爬 个 五 楼 就 喘气 了 . . . . . . [ 惊恐 ]",2,3
4435,"妈 的 , 差点 被 新疆 人 给 坑 了 。",3,3
4436,好 想 去 旅游 !,1,1
4437,"傻 了 吧 , 又 想 哭 了 吧 , 你 说 你 像 啥",3,3
4438,怎么 看 都 不 顺眼 。,3,3
4439,大叔 和 loli   绝对 是 我 心头 好 ~,1,1
4440,good   feeling   to   hezui,1,1
4441,"闲 得 蛋 疼 , 闷 得 发慌 ! 老夫 最近 又 白 了 , 赶紧 晒晒 !",5,3
4442,"女孩 子 , 从来 就 应该 骄傲 地 活着 , 而 不是 卑微 地 恋爱",1,3
4443,没 人 觉得 佟 大为 和 包 贝尔 很 像 么 [ 星星 眼 ] [ 星星 眼 ] [ 星星 眼 ],1,0
4444,百度 魔 图 充分 的 让 我 认识 到 自己 长 的 是 多么 的 不堪,2,1
4445,"不要 得罪 女人 , 尤其 不要 得罪 看 起来 没有 杀伤 力 的 女人 。",0,0
4446,最终 还是 在 twitter 上 承认 了 . . . 梦 一 场 . . . 再见 … …,2,2
4447,"又 晒 红 了 , 彻底 黑 了",2,3
4448,"怎么 才 能 让 心情 好 起来 啊 , 我 要 疯 了 。 。 [ 泪 ]",2,2
4449,[ 鼓掌 ] [ 酷 ],5,5
4450,"以为 看 了 场 谍战片 , 实际 看 了 场 恐怖 片 。",3,3
4451,"公积 金 , 好 复杂 的 一个 名词 ! 不 懂 . . .",0,1
4452,"吃 完 烧烤 , 睡觉 安稳 多 了 。",5,0
4453,thank   u   mom   [ 威武 ] [ 猪头 ] [ 鲸鱼 ] [ 小鸡 ],5,5
4454,"把 常用 的 东西 的 密码 都 改 了 , 大家 也 赶紧 改 吧 ~",0,3
4455,"回来 后 听到 的 噩耗 , 早 知道 不 回来 了",2,0
4456,"“ 法海 你 不 懂 爱 , 雷锋 塔 也 倒 下来 。 ”",0,0
4457,我 只是 想 占有 你   安抚 我 空虚 的 心灵 ~ ~ ~,1,2
4458,酱油 罗 。 命大 啊 ~,5,2
4459,"终于 在 超市 买 到 了 小米 椒 , 准备 做 泡椒 鸡爪 去 啦",5,5
4460,金牛 座 能 不能 少 一点,3,0
4461,严肃 的 问题   有 小 朋友 们 要约 饭 的 吗 ? 办完 事情 了 ~ 不 想 吃 外卖,3,0
4462,滑 回家 呀 滑 回家   太 爽 了,5,5
4463,"尼玛 弄 到 现在 刚 把 笔试 内容 全部 整理 到 纸 上 , 现在 开始 背",4,4
4464,愿 我们 伟大 的 革命 友谊 长存 。,1,1
4465,"工作 , 待遇 。 不 想 去",3,3
4466,"分行 贷 审 会 取消 不 了 了 , 变化 真 快 !",3,3
4467,"入手 一 大 套 护肤 品 。 等 我 来 拯救 你 , 我 的 脸 。 [ 抓狂 ]",1,2
4468,这 两 天 承受 了 有生之年 最大 的 无助,2,5
4469,杭州 醋 鱼 酸甜 口   片 川 是 汤面   如果 有 咸 豆浆   就 完美 了,1,0
4470,操 ! 搞 毛 啊 !,4,4
4471,爱 是 唯一 的 理性 行为 。,1,1
4472,砍伐 个 新鲜 竹子 [ 嘻嘻 ] [ 嘻嘻 ],5,5
4473,走 吧   只要 觉得 不够   就 不停 地 走 吧,0,0
4474,"没 人 一起 去 看 演唱 会 , 唉 , 算 了 算 了 [ 泪 ] [ 泪 ] [ 泪 ]",2,2
4475,"拒绝 了 一个 人 , 轻松 不少 。 [ 微风 ]",5,0
4476,"好 大雨 , 心情 好 郁闷 , 早上 好",2,2
4477,成都 估计 没有 新疆 米粉 吧,0,0
4478,离开 没有 送 人 伤感,2,2
4479,"今天 我 算 见识 到 了 什么 叫 猫 抓 老鼠 了 , 看 上去 真的 很 猛 。",5,5
4480,肿 么 突然 发烧 了 呢 ? 总是 38 度   哎   赶快 好 吧   可怜 的 苗苗,2,2
4481,"到 家 啦 ! ! [ 困 ]   嘿嘿 , 首要 任务 : 织 围脖 ! ! ! !",5,5
4482,你们 觉得 男生 什么 身高 比较 合适   po 主 177 好 想 长高 tat,2,1
4483,"早晨 地球 人 , 好 日子 都 是 我 出没 的 时候 !",5,2
4484,洗 了 头 就 仿佛 洗 了 澡 一样 舒服,5,5
4485,[ 蛋糕 ] [ 鲜花 ],5,5
4486,"最近 真是 睡 得 早 , 起 得 晚 , 典型 一头 猪 [ 猪头 ]",5,3
4487,"想 吃 肯德基 , 想 吃 蛋糕",1,1
4488,新年 快乐 ! [ 礼物 ] [ 礼物 ] [ 礼物 ] [ 礼物 ],5,5
4489,又 到 一 年 双喜临门 ~ 好 日子 。,5,5
4490,"妈 , 生日 快乐 。 [ 爱 你 ]",1,1
4491,给 牙齿 钻 了 个 洞 ~,2,3
4492,三 天 损失 五 位 数   怎 一个 心痛 了 得 [ 泪 ],2,2
4493,喜欢 吃 糖 是 因为 怕 忘记 甜蜜 的 滋味 . . . . .,1,1
4494,"吹 水 三 巨头 , 我 同学 , 我 亲戚 , 我 朋友 ` ` `",3,2
4495,"其实 , 我 好 想 回 无锡 找 个 人 抱抱 我 。",2,2
4496,here   i   am ~ ~ [ 呵呵 ] [ 呵呵 ],5,5
4497,胃口 大 开 … … … … … … … …,2,2
4498,保佑 今晚 作 个 好 梦 … [ 微风 ] [ 微风 ],5,5
4499,"熬夜 的 结果 , 就是 脸上 不停 长 痘 ! [ 抓狂 ] [ 抓狂 ]",3,3
